domain,count
hotmail.com,62
gmail.com,55
yahoo.com,51
little.com,2
hill.net,2
hyatt.com,2
steuber.net,2
turcotte.com,2
ferry.org,2
hammes.com,2
fahey.com,2
predovic.com,2
sawayn.com,2
funk.com,2
ondricka.com,2
harris.com,2
upton.com,2
bauch.com,2
conn.net,2
runolfsson.com,2
prohaska.com,1
sawayn.org,1
bernier.com,1
kohler.biz,1
mccullough.com,1
langosh.com,1
koch.biz,1
hirthe.info,1
muller.com,1
vonrueden.com,1
mccullough.org,1
lakin.com,1
lockman.com,1
flatley.com,1
ritchie.net,1
cronin.org,1
green.com,1
kreiger.biz,1
collier.com,1
strosin.org,1
beahan.org,1
kuhn.com,1
johnson.com,1
hansen.biz,1
howell.com,1
von.com,1
bartell.com,1
lubowitz.com,1
rau.biz,1
jacobs.com,1
tromp.org,1
stracke.com,1
leannon.com,1
mohr.net,1
hickle.com,1
kerluke.com,1
rippin.biz,1
turcotte.org,1
crona.org,1
reinger.org,1
bahringer.com,1
reynolds.org,1
klein.com,1
schuster.info,1
kohler.com,1
fahey.net,1
kihn.com,1
bergstrom.net,1
hauck.biz,1
stokes.com,1
murray.com,1
mills.com,1
purdy.com,1
bruen.org,1
beier.com,1
mitchell.org,1
lang.com,1
gorczany.com,1
krajcik.biz,1
wilkinson.org,1
nitzsche.com,1
bednar.biz,1
balistreri.com,1
swaniawski.com,1
white.org,1
maggio.com,1
deckow.com,1
toy.net,1
hegmann.com,1
rosenbaum.info,1
hudson.com,1
wolf.com,1
shields.biz,1
stehr.com,1
rippin.com,1
casper.net,1
weimann.org,1
erdman.com,1
botsford.biz,1
russel.com,1
funk.info,1
rogahn.biz,1
rogahn.info,1
steuber.biz,1
reilly.org,1
wilkinson.com,1
cassin.com,1
jacobi.org,1
jaskolski.com,1
volkman.com,1
gusikowski.biz,1
murazik.com,1
schimmel.biz,1
hagenes.com,1
beer.com,1
kilback.com,1
jacobson.biz,1
beier.org,1
ledner.org,1
stroman.com,1
gerhold.com,1
anderson.com,1
walker.org,1
price.com,1
senger.org,1
senger.com,1
braun.org,1
boyle.com,1
grady.biz,1
white.com,1
kutch.com,1
krajcik.info,1
rodriguez.com,1
kohler.net,1
kilback.net,1
zboncak.com,1
hermann.com,1
hintz.info,1
jerde.com,1
walsh.com,1
wolf.org,1
ryan.com,1
greenholt.org,1
reynolds.net,1
keebler.com,1
fritsch.com,1
schowalter.net,1
nienow.com,1
skiles.com,1
marquardt.com,1
feil.com,1
heaney.com,1
johns.info,1
ankunding.org,1
trantow.net,1
berge.com,1
mcclure.com,1
hermiston.info,1
hodkiewicz.com,1
bergnaum.com,1
huel.net,1
stiedemann.com,1
morar.com,1
wehner.net,1
legros.com,1
glover.com,1
monahan.com,1
lang.info,1
emard.com,1
wisoky.biz,1
brekke.org,1
white.info,1
dare.com,1
pagac.com,1
heller.com,1
homenick.com,1
hayes.com,1
walker.com,1
pollich.net,1
marvin.net,1
rowe.org,1
pfeffer.biz,1
leuschke.org,1
steuber.com,1
murray.org,1
mitchell.net,1
