"Wilburn Graham","(346) 456-0891",oconner.maurice@prohaska.com,"4131 Schiller Garden Apt. 594,Blairside, AZ 62977-6153","Opera/8.59 (Windows NT 5.01; en-US) Presto/2.9.170 Version/11.00",#546837
"Virginia Roob",+1-684-705-5214,vkoepp@sawayn.org,"142 Monique Fall Apt. 378,New Stanley, TX 62332-4073","Mozilla/5.0 (iPhone; CPU iPhone OS 8_2_2 like Mac OS X; en-US) AppleWebKit/533.42.6 (KHTML, like Gecko) Version/3.0.5 Mobile/8B117 Safari/6533.42.6",#4fb9b2
"Bret Feest",647-699-0767,carli95@bernier.com,"977 Stokes Valleys Suite 601,Jeremytown, NJ 53050-2125","Mozilla/5.0 (X11; Linux i686) AppleWebKit/5351 (KHTML, like Gecko) Chrome/39.0.854.0 Mobile Safari/5351",#6856b0
"Dr. Corine Glover",+1-649-622-7873,sfay@kohler.biz,"71425 Robert Common Suite 527,East Emanuel, ME 88688-8685","Opera/8.65 (X11; Linux x86_64; en-US) Presto/2.11.168 Version/12.00",#ce283c
"Prof. Kylie Moen DDS",+1.814.222.1106,bwunsch@gmail.com,"6821 Buckridge Groves,East Kaileyberg, ND 37985","Mozilla/5.0 (Macintosh; Intel Mac OS X 10_7_2) AppleWebKit/5312 (KHTML, like Gecko) Chrome/39.0.848.0 Mobile Safari/5312",#821bd5
"Darrin Parisian",+1-525-539-6807,della.feest@mccullough.com,"174 Gust Fields,West Emelyside, IN 21693-0580","Mozilla/5.0 (compatible; MSIE 7.0; Windows NT 5.0; Trident/5.0)",#a4d42c
"Nolan Kirlin",+15624846065,ahand@langosh.com,"45267 Krajcik Stream Apt. 731,South Rosaleeberg, ME 90269","Opera/8.97 (Windows CE; en-US) Presto/2.8.160 Version/10.00",#1ba866
"Nat Fritsch III",1-779-949-3172,wgutmann@koch.biz,"1042 Marisa Walks,Aaliyahfurt, WI 21867-0498","Mozilla/5.0 (Macintosh; U; PPC Mac OS X 10_7_4 rv:4.0) Gecko/20220810 Firefox/36.0",#86b13a
"Lolita Fisher MD","(254) 212-7286",wolf.milan@hotmail.com,"6582 Fahey Prairie,Rogertown, NJ 81375-5091","Mozilla/5.0 (compatible; MSIE 10.0; Windows NT 6.0; Trident/4.0)",#510d86
"Ike Mills IV",953.420.8478,carroll.paige@hirthe.info,"405 Jones Island Suite 494,Howellside, AZ 71108","Mozilla/5.0 (Macintosh; U; Intel Mac OS X 10_7_6 rv:2.0) Gecko/20130617 Firefox/36.0",#674b30
"Miss Kali Waters","+1 (804) 922-8885",cordia13@yahoo.com,"4683 Stevie Alley,South Lesly, MN 55933","Mozilla/5.0 (Windows NT 6.2; en-US; rv:1.9.1.20) Gecko/20160929 Firefox/36.0",#b7d144
"Prof. Evelyn Casper",+1-486-806-9861,huels.nadia@gmail.com,"4456 Abagail Run Suite 141,Lucasfort, FL 80857","Mozilla/5.0 (X11; Linux i686) AppleWebKit/5362 (KHTML, like Gecko) Chrome/39.0.810.0 Mobile Safari/5362",#a195ce
"Nicholaus Kiehn",408-923-8343,kheathcote@muller.com,"1386 Orpha Port,Timothyland, KY 59301","Mozilla/5.0 (Macintosh; U; Intel Mac OS X 10_6_3 rv:5.0; en-US) AppleWebKit/533.12.1 (KHTML, like Gecko) Version/4.1 Safari/533.12.1",#8f59e1
"Mrs. Lauriane Gusikowski DVM",712.492.8375,bcartwright@yahoo.com,"3418 Kunze Fort,Murlburgh, LA 76509","Mozilla/5.0 (Macintosh; U; PPC Mac OS X 10_6_9 rv:2.0; en-US) AppleWebKit/535.15.5 (KHTML, like Gecko) Version/5.1 Safari/535.15.5",#539133
"Miss Aida Anderson MD",782.281.2185,qcole@hotmail.com,"785 Gleichner Greens Suite 427,Lake Jonton, DE 73578","Mozilla/5.0 (Windows NT 6.0) AppleWebKit/5332 (KHTML, like Gecko) Chrome/40.0.857.0 Mobile Safari/5332",#c094b6
"Vella Halvorson Sr.",1-995-625-9881,johanna.zieme@vonrueden.com,"506 Koch Island Apt. 593,West Cindyhaven, TN 31069","Mozilla/5.0 (compatible; MSIE 6.0; Windows NT 6.0; Trident/5.1)",#b32f55
"Miss Rubie Jacobs",950-405-1459,velda18@mccullough.org,"264 Alayna Causeway Apt. 648,New Hertaport, UT 75927-7250","Mozilla/5.0 (compatible; MSIE 10.0; Windows 98; Trident/3.0)",#8d95a3
"Dr. Khalid Wolff","+1 (946) 698-5470",nella78@lakin.com,"3427 Morar Ports,West Virginiaborough, DC 77348","Mozilla/5.0 (compatible; MSIE 11.0; Windows NT 6.1; Trident/4.0)",#35f2d9
"Luna Hyatt",314.945.0864,makenna.osinski@yahoo.com,"24391 Hamill Motorway,Buckridgeville, NV 87102","Mozilla/5.0 (X11; Linux i686; rv:7.0) Gecko/20161210 Firefox/35.0",#bb81da
"Flossie Boyer DDS",+1-950-744-7312,marcus96@lockman.com,"676 Weissnat Harbors Apt. 917,Port Tatyana, SC 30057-6526","Opera/8.74 (X11; Linux x86_64; sl-SI) Presto/2.11.167 Version/10.00",#e0787a
"Prof. Madilyn Dickens IV",1-698-268-1283,fannie.kirlin@hotmail.com,"4720 Gertrude Manor,Rhodaborough, KS 46753","Opera/9.22 (X11; Linux i686; sl-SI) Presto/2.9.343 Version/11.00",#da40ed
"Santina Kozey",1-538-508-5527,balistreri.ebony@little.com,"148 Klocko Islands,West Abdul, MD 98899-6793","Opera/9.59 (X11; Linux i686; sl-SI) Presto/2.9.267 Version/11.00",#9525d1
"Krystina Toy",472-376-0455,hand.loren@hill.net,"760 Mylene Ridge Apt. 273,Hackettborough, TX 66381-0473","Opera/8.79 (X11; Linux i686; sl-SI) Presto/2.8.195 Version/10.00",#480211
"Kristoffer Ferry",235.267.8453,muhammad74@flatley.com,"7929 Jared Dale,Pagacmouth, TN 52634-9668","Mozilla/5.0 (compatible; MSIE 8.0; Windows NT 6.1; Trident/5.1)",#810edb
"Johnpaul Volkman",595-684-5293,dbogan@gmail.com,"298 Smitham Crossroad,Cordiamouth, WV 27431","Mozilla/5.0 (Windows; U; Windows NT 5.1) AppleWebKit/532.2.5 (KHTML, like Gecko) Version/5.0 Safari/532.2.5",#1f2ae4
"Jeramie Waelchi",929.519.7705,rosina.heaney@ritchie.net,"16980 Audra Via,Roobton, TN 89991","Mozilla/5.0 (iPad; CPU OS 8_1_2 like Mac OS X; sl-SI) AppleWebKit/534.44.5 (KHTML, like Gecko) Version/4.0.5 Mobile/8B118 Safari/6534.44.5",#a57a8f
"Virginie Schroeder",1-878-434-0738,jamal.damore@cronin.org,"75560 O'Keefe Rest Suite 612,Lake Jamarcusstad, SD 72923-5891","Mozilla/5.0 (compatible; MSIE 11.0; Windows NT 5.1; Trident/3.1)",#6e3c00
"Cruz Mante",+1-664-818-8534,walsh.filiberto@gmail.com,"56937 Bogisich Village,New Archibald, AL 41840-2058","Opera/8.44 (X11; Linux i686; en-US) Presto/2.10.191 Version/10.00",#b68dd8
"Tamara Smith",1-236-450-4807,porter93@green.com,"420 Joe Road,Port Ednaview, NE 79915","Mozilla/5.0 (iPad; CPU OS 7_2_1 like Mac OS X; en-US) AppleWebKit/533.42.5 (KHTML, like Gecko) Version/4.0.5 Mobile/8B118 Safari/6533.42.5",#338813
"Miss Adelle Nikolaus Sr.",+1-747-554-4760,macejkovic.dagmar@kreiger.biz,"2754 Grimes Pine Apt. 188,South Rubymouth, DE 25106","Opera/8.11 (X11; Linux i686; sl-SI) Presto/2.10.268 Version/10.00",#0807c0
"Christina Little","+1 (361) 853-5394",merle69@hotmail.com,"936 Schmitt Squares,Oberbrunnerport, KS 10833-5015","Opera/8.35 (X11; Linux i686; en-US) Presto/2.10.197 Version/11.00",#8ad18a
"Logan Davis",509.721.8942,edythe74@gmail.com,"1277 Wallace Lodge,Lorenzland, WA 42152-9698","Mozilla/5.0 (compatible; MSIE 8.0; Windows NT 6.0; Trident/3.1)",#649ac1
"Rebeka Bednar",1-686-971-7114,bfeeney@collier.com,"2531 McClure Light Apt. 602,North Jeremiefort, KS 76689-4288","Opera/9.68 (X11; Linux x86_64; en-US) Presto/2.12.353 Version/10.00",#e0606c
"Hugh Roberts",285-338-5679,abins@strosin.org,"45012 Cole Mountain Suite 463,New Dockhaven, OK 81167-2095","Opera/8.39 (X11; Linux i686; en-US) Presto/2.8.328 Version/10.00",#faa58a
"Madeline Conn",1-907-814-4104,monique81@hotmail.com,"74943 Welch Isle,Lake Consuelomouth, IA 10409","Mozilla/5.0 (Windows NT 6.2) AppleWebKit/5341 (KHTML, like Gecko) Chrome/40.0.830.0 Mobile Safari/5341",#5045fa
"Quinten Runolfsson",1-407-958-5272,tromp.delores@hotmail.com,"30766 Oda Expressway Suite 908,Paulachester, AL 31771-8298","Mozilla/5.0 (X11; Linux i686) AppleWebKit/5310 (KHTML, like Gecko) Chrome/37.0.842.0 Mobile Safari/5310",#2deba4
"Alexandra Maggio",1-339-961-9970,yfeeney@beahan.org,"711 Fahey Burg,West Benedictborough, NM 66421-0146","Mozilla/5.0 (Macintosh; U; PPC Mac OS X 10_6_0 rv:6.0; sl-SI) AppleWebKit/533.10.6 (KHTML, like Gecko) Version/4.0 Safari/533.10.6",#604437
"Adrien Jakubowski",+1.458.225.1956,yazmin88@gmail.com,"24255 Wuckert Cliffs,South Kailyn, TN 59382","Mozilla/5.0 (X11; Linux x86_64) AppleWebKit/5310 (KHTML, like Gecko) Chrome/39.0.876.0 Mobile Safari/5310",#4547d0
"Lavada Leannon Jr.",689-415-0829,makenzie12@kuhn.com,"97621 Berge Junctions,Lonnyshire, KY 83890-4641","Mozilla/5.0 (compatible; MSIE 6.0; Windows NT 4.0; Trident/5.1)",#556318
"Elza DuBuque",1-571-446-3731,alexzander.kertzmann@johnson.com,"9028 Mina Mews Apt. 746,Antwanton, KS 82184-6542","Mozilla/5.0 (compatible; MSIE 9.0; Windows NT 5.2; Trident/3.0)",#b03f9a
"Freida Muller","(883) 927-2469",ghand@hotmail.com,"3034 Waters Hollow,Port Margiechester, UT 38935-4943","Mozilla/5.0 (compatible; MSIE 9.0; Windows NT 6.0; Trident/4.0)",#12689b
"Hazel Rowe",795-430-7211,cristal.turcotte@yahoo.com,"3564 Moen Ranch,East Germaine, VA 69657-2317","Opera/9.48 (X11; Linux x86_64; sl-SI) Presto/2.9.164 Version/11.00",#7b1a63
"Jeffery Jakubowski",903-982-0886,pmohr@gmail.com,"53492 Schultz Heights,Littelville, HI 36247","Opera/9.51 (Windows NT 5.0; en-US) Presto/2.12.255 Version/12.00",#8949b2
"Carrie Balistreri",+19786430397,jordan.mohr@hansen.biz,"1004 Kiel Junction Suite 833,Billieville, NY 80881-3030","Mozilla/5.0 (X11; Linux i686) AppleWebKit/5350 (KHTML, like Gecko) Chrome/38.0.890.0 Mobile Safari/5350",#9394d4
"Prof. Aric Ratke Sr.",464.280.1135,reyna.hilpert@hotmail.com,"55328 Hassie Views Apt. 291,Bernhardchester, UT 48029","Mozilla/5.0 (X11; Linux x86_64; rv:6.0) Gecko/20211210 Firefox/36.0",#c349ba
"Prof. Yazmin Jerde Sr.",413-282-1810,duncan32@hotmail.com,"1825 Audrey Walk Suite 106,Lake Vernstad, OK 22423","Mozilla/5.0 (Macintosh; Intel Mac OS X 10_7_7 rv:6.0) Gecko/20230126 Firefox/35.0",#0377fb
"Amos Hessel","+1 (667) 509-8154",giovanny.altenwerth@hotmail.com,"243 Fermin Burg Suite 110,Quitzonview, OK 55477-8405","Mozilla/5.0 (Windows NT 5.2) AppleWebKit/5312 (KHTML, like Gecko) Chrome/40.0.863.0 Mobile Safari/5312",#db61a5
"Pete O'Keefe",+1-920-747-7001,lonzo76@howell.com,"98785 Murazik Club,South Loraineshire, NE 12971","Opera/8.90 (Windows NT 6.1; sl-SI) Presto/2.10.179 Version/10.00",#81155a
"Jensen Towne",605.828.3488,darrell.bogan@von.com,"49242 Parker Loop,North Haskell, NE 80549","Mozilla/5.0 (compatible; MSIE 6.0; Windows NT 6.1; Trident/3.0)",#fcf488
"Miss Cleta Hettinger I",419-623-4042,rhettinger@gmail.com,"38592 Wintheiser Lodge,Port Toystad, MO 24178","Mozilla/5.0 (Macintosh; U; Intel Mac OS X 10_8_5 rv:3.0; sl-SI) AppleWebKit/534.38.5 (KHTML, like Gecko) Version/4.0 Safari/534.38.5",#4182dd
"Trisha Windler Jr.",+14973103121,rickey.thiel@bartell.com,"6341 Bergnaum Mount,Lake Angelina, NY 62693-1245","Mozilla/5.0 (Macintosh; Intel Mac OS X 10_5_9) AppleWebKit/5342 (KHTML, like Gecko) Chrome/40.0.883.0 Mobile Safari/5342",#812154
"Kylee Wiegand","+1 (258) 437-7346",sauer.cortney@lubowitz.com,"66744 Frederic Drive Apt. 442,Hermanland, FL 46840-9782","Mozilla/5.0 (compatible; MSIE 5.0; Windows 95; Trident/4.1)",#ad2bd9
"Sim Jacobson","(546) 836-2254",ziemann.josefa@hotmail.com,"5764 Miller Keys,Gretaville, RI 09360","Mozilla/5.0 (iPad; CPU OS 8_0_1 like Mac OS X; en-US) AppleWebKit/533.38.4 (KHTML, like Gecko) Version/3.0.5 Mobile/8B111 Safari/6533.38.4",#dd45d3
"Rhea Huels",895.905.3567,sjacobi@hotmail.com,"880 Jerry Way,Anastacioberg, RI 40276","Mozilla/5.0 (Windows NT 5.0; en-US; rv:1.9.1.20) Gecko/20160723 Firefox/37.0",#1c5117
"Matt O'Hara",+14307285935,mschaden@hotmail.com,"645 Marcia Motorway Apt. 394,South Parker, CA 16308","Opera/8.72 (Windows NT 6.0; sl-SI) Presto/2.9.194 Version/12.00",#b8bb4c
"Penelope Connelly","(880) 209-0317",opouros@rau.biz,"33477 Lang Pass Suite 586,New Ceasarland, MA 86683","Mozilla/5.0 (X11; Linux x86_64) AppleWebKit/5312 (KHTML, like Gecko) Chrome/36.0.840.0 Mobile Safari/5312",#c22d33
"Lillian Fisher","+1 (659) 480-9142",reichert.jaron@yahoo.com,"944 Casper Cape Suite 890,Murlberg, LA 91507","Mozilla/5.0 (Macintosh; U; Intel Mac OS X 10_8_8) AppleWebKit/5352 (KHTML, like Gecko) Chrome/38.0.811.0 Mobile Safari/5352",#094814
"Prof. Solon Schiller",+1.228.834.3840,schiller.effie@hyatt.com,"73492 Shawna Lock Apt. 130,Margueritehaven, FL 54219-6042","Mozilla/5.0 (compatible; MSIE 10.0; Windows 95; Trident/3.0)",#26bde7
"Mr. Cloyd Quitzon Sr.","(651) 894-2547",ubernier@jacobs.com,"2413 Heller Turnpike,Brakuschester, HI 06750-0292","Mozilla/5.0 (Macintosh; PPC Mac OS X 10_6_2) AppleWebKit/5321 (KHTML, like Gecko) Chrome/36.0.872.0 Mobile Safari/5321",#642504
"Alvis Pfeffer",914-238-7572,ezra87@tromp.org,"4450 Shields Terrace,Krisfort, MI 11033","Opera/8.11 (Windows NT 6.2; en-US) Presto/2.12.320 Version/12.00",#d47b84
"Sid VonRueden","+1 (406) 819-7639",javonte.morar@gmail.com,"7578 Roberto Via Suite 161,Andersonport, DC 00365-7825","Mozilla/5.0 (X11; Linux x86_64) AppleWebKit/5342 (KHTML, like Gecko) Chrome/40.0.815.0 Mobile Safari/5342",#7fac67
"Ray Adams",1-882-474-0130,jensen88@stracke.com,"76644 Eryn Club Suite 943,Lake Nettiestad, ID 75040","Mozilla/5.0 (iPad; CPU OS 8_0_2 like Mac OS X; sl-SI) AppleWebKit/533.44.3 (KHTML, like Gecko) Version/3.0.5 Mobile/8B118 Safari/6533.44.3",#b44b7d
"Miss Juana Parisian","+1 (348) 760-0107",zoe.bashirian@yahoo.com,"128 Boyle Rest Suite 255,Lake Pablo, NV 56015-7519","Mozilla/5.0 (X11; Linux i686) AppleWebKit/5362 (KHTML, like Gecko) Chrome/36.0.892.0 Mobile Safari/5362",#78b9b7
"Prof. Dameon Rosenbaum PhD",671.420.7150,khomenick@leannon.com,"33561 Bogan Pines,New Karleyborough, MO 94962-3663","Mozilla/5.0 (compatible; MSIE 8.0; Windows NT 5.0; Trident/3.1)",#902f13
"Raphaelle Boehm",+1-998-554-3599,tillman.violette@steuber.net,"4097 Sammy Ford Apt. 776,South Ansel, WI 44663","Mozilla/5.0 (X11; Linux x86_64) AppleWebKit/5321 (KHTML, like Gecko) Chrome/40.0.805.0 Mobile Safari/5321",#c20933
"Miss Brigitte Flatley","(952) 412-8251",qokon@mohr.net,"31369 Predovic Inlet Apt. 226,Johnstontown, ND 37236-9226","Mozilla/5.0 (Windows CE) AppleWebKit/5340 (KHTML, like Gecko) Chrome/36.0.828.0 Mobile Safari/5340",#167651
"Novella Strosin",+1.613.529.9252,balistreri.woodrow@hickle.com,"682 Donnelly Lane Apt. 689,Lysanneview, ME 16452-0468","Mozilla/5.0 (X11; Linux i686; rv:7.0) Gecko/20220626 Firefox/36.0",#28b770
"Mr. Wilmer Wisozk",587-526-2706,ludie15@hotmail.com,"25461 Glenna Path Suite 967,Manleyton, KY 40482","Mozilla/5.0 (compatible; MSIE 6.0; Windows NT 5.2; Trident/4.1)",#90c2da
"Ollie Lehner",1-297-818-9246,sfarrell@kerluke.com,"875 Paucek Meadows,Lake Pat, AR 59505-9263","Mozilla/5.0 (X11; Linux x86_64; rv:7.0) Gecko/20140503 Firefox/37.0",#bf1891
"Green Mitchell IV",+1-968-759-5472,kenna.torp@rippin.biz,"8129 Jacobson Bridge Apt. 700,West Lacyberg, AL 38704","Mozilla/5.0 (compatible; MSIE 10.0; Windows NT 5.2; Trident/5.1)",#03255e
"Stella Harvey",462-534-6234,ryder.hartmann@turcotte.org,"7765 Satterfield Plains Apt. 858,Konopelskiland, MT 69150","Mozilla/5.0 (Macintosh; Intel Mac OS X 10_5_1) AppleWebKit/5311 (KHTML, like Gecko) Chrome/37.0.824.0 Mobile Safari/5311",#3e1735
"Norris Gleichner","(562) 986-2800",hickle.lenore@yahoo.com,"629 Goyette View Suite 923,West Esteban, WV 33191","Mozilla/5.0 (compatible; MSIE 9.0; Windows 98; Win 9x 4.90; Trident/5.1)",#8952a1
"Reynold Hagenes DVM","+1 (671) 705-6230",hdickens@crona.org,"2765 Gusikowski Throughway Suite 062,West Nina, AK 76666-4070","Opera/8.34 (Windows NT 5.01; en-US) Presto/2.12.184 Version/12.00",#c485ee
"Dr. Rachelle Gerlach",681-769-6382,claudia11@gmail.com,"96525 Nora Track Suite 817,Port Gwenborough, NC 63959-3580","Mozilla/5.0 (Windows; U; Windows 95) AppleWebKit/534.39.3 (KHTML, like Gecko) Version/4.0 Safari/534.39.3",#e06374
"Rigoberto Casper",+1-581-793-8841,wilhelmine84@reinger.org,"1059 McDermott Mills,Lake Osborne, AL 25222-6811","Mozilla/5.0 (Macintosh; Intel Mac OS X 10_8_8 rv:6.0) Gecko/20181208 Firefox/35.0",#eeca3d
"Molly Kub","(592) 456-3493",verla11@gmail.com,"2435 Victor Drive,East Alexandraview, TX 91514","Mozilla/5.0 (compatible; MSIE 10.0; Windows CE; Trident/3.0)",#557c36
"Halle VonRueden",+1-953-626-1358,brown03@bahringer.com,"43038 Ivy Loaf Apt. 783,Dallashaven, DC 23260","Mozilla/5.0 (X11; Linux x86_64; rv:6.0) Gecko/20101202 Firefox/36.0",#5cc9f7
"Johnnie Corwin",510.715.1890,qpowlowski@reynolds.org,"291 Sipes Trail,Roobside, MA 79039","Mozilla/5.0 (Windows NT 4.0; sl-SI; rv:1.9.1.20) Gecko/20150607 Firefox/37.0",#121c93
"Breanna Bode",1-913-326-1274,vfranecki@hotmail.com,"8339 Bertrand Throughway Apt. 388,Vellafort, ID 85419","Opera/8.51 (X11; Linux i686; en-US) Presto/2.12.219 Version/10.00",#9325dc
"Prof. Yasmeen Kerluke IV",+16849660470,metz.zakary@klein.com,"6663 Jo Ranch Apt. 862,West Yvettebury, GA 05311","Mozilla/5.0 (compatible; MSIE 7.0; Windows NT 6.1; Trident/5.0)",#aa7d59
"Miss Samara Cassin",+1.430.518.3247,eveline21@gmail.com,"18291 Wolff Mountain Apt. 605,East Quinton, AK 41040-7722","Mozilla/5.0 (compatible; MSIE 5.0; Windows 98; Win 9x 4.90; Trident/5.1)",#5d540c
"Gerry O'Conner","+1 (576) 361-6996",virgil21@schuster.info,"13738 Considine Court,East Janestad, OR 43283-3193","Mozilla/5.0 (Macintosh; PPC Mac OS X 10_7_7 rv:4.0; sl-SI) AppleWebKit/535.46.5 (KHTML, like Gecko) Version/5.0 Safari/535.46.5",#b420c8
"Joanie Kihn",+1.867.675.6451,demarco.reinger@kohler.com,"74524 Fritsch Circle,Boehmville, TX 94980","Mozilla/5.0 (Macintosh; U; Intel Mac OS X 10_6_9 rv:2.0) Gecko/20100804 Firefox/35.0",#f9d53d
"Francisco Hammes",1-767-717-7369,gulgowski.vesta@fahey.net,"740 Oral Vista,Jerdefurt, VT 89316","Opera/8.11 (Windows 98; en-US) Presto/2.8.190 Version/10.00",#642bb5
"Cassie Glover II",+16974025663,amills@hotmail.com,"6353 Boyle Terrace,South Mohammedmouth, SC 38811","Mozilla/5.0 (Macintosh; Intel Mac OS X 10_8_5) AppleWebKit/5321 (KHTML, like Gecko) Chrome/37.0.880.0 Mobile Safari/5321",#2b6885
"Dolores Schuster",+1-620-307-1806,verdie89@hotmail.com,"978 Barton Lake Apt. 750,Port Wilhelmine, VA 54690-4118","Mozilla/5.0 (X11; Linux i686) AppleWebKit/5331 (KHTML, like Gecko) Chrome/38.0.817.0 Mobile Safari/5331",#e63722
"Damaris Thompson II",+19587122130,kunze.sierra@kihn.com,"819 Frida Overpass,Mabellebury, AL 01669-5597","Mozilla/5.0 (compatible; MSIE 9.0; Windows CE; Trident/4.0)",#babf88
"Dr. Warren Barrows",746.957.4329,zmayert@yahoo.com,"16855 Johns Curve,Lake Nellie, DC 04106-0626","Mozilla/5.0 (X11; Linux x86_64; rv:5.0) Gecko/20190323 Firefox/36.0",#1501dc
"Miss Helga Bernhard",680-822-1939,kaleb.damore@turcotte.com,"773 Cristian Key Apt. 718,New Abbeyborough, IA 22043","Mozilla/5.0 (X11; Linux i686) AppleWebKit/5351 (KHTML, like Gecko) Chrome/38.0.864.0 Mobile Safari/5351",#24c100
"Lisette Kerluke",+1-982-222-1176,jay33@gmail.com,"66973 Lorenz Keys,Jeniferchester, NH 54461","Mozilla/5.0 (compatible; MSIE 7.0; Windows NT 4.0; Trident/3.0)",#9b0f6b
"Armand Gorczany","(765) 609-6398",kristoffer40@yahoo.com,"4217 Murray Manors Apt. 756,Arveltown, DC 74711-4014","Mozilla/5.0 (compatible; MSIE 9.0; Windows NT 4.0; Trident/5.1)",#3e8836
"Mrs. Kristina Rice MD","+1 (761) 692-2080",cassie94@hotmail.com,"43439 Greenfelder Road Apt. 720,West Aimee, WA 01702-8704","Mozilla/5.0 (compatible; MSIE 5.0; Windows NT 4.0; Trident/4.1)",#6e555d
"Dr. Rogelio Koss",1-264-439-4539,orion37@hotmail.com,"1643 Stella Stravenue,Lake Cleoton, OH 84722-1064","Opera/8.85 (Windows NT 5.1; sl-SI) Presto/2.9.338 Version/11.00",#da5d95
"Maynard Douglas","+1 (278) 433-4369",leon.krajcik@bergstrom.net,"309 Treutel Skyway Apt. 382,Leviville, SD 38902","Opera/8.21 (Windows NT 6.2; sl-SI) Presto/2.10.326 Version/12.00",#f8ac19
"Billy Littel DDS",+1-731-924-2805,kuhn.isaias@hauck.biz,"10113 Estel Overpass Suite 681,Jonatanshire, OR 06823-6765","Mozilla/5.0 (X11; Linux i686; rv:5.0) Gecko/20160907 Firefox/35.0",#303edb
"Kian Swift",+1-667-803-1722,kris.carol@yahoo.com,"739 Berniece Ville Suite 562,North Piper, MN 40215-4140","Opera/8.25 (Windows NT 6.1; sl-SI) Presto/2.11.160 Version/12.00",#77569f
"Jerad Wisozk",1-280-636-7556,alisha20@hotmail.com,"6102 Mills Stream Apt. 777,Vernershire, SD 26853-4228","Mozilla/5.0 (Windows; U; Windows NT 6.1) AppleWebKit/531.3.7 (KHTML, like Gecko) Version/5.0.3 Safari/531.3.7",#1a0ace
"Florence Streich",+1.746.316.3667,xauer@gmail.com,"904 Nasir Street,Juniorville, IA 33581-4005","Mozilla/5.0 (Windows NT 5.1; sl-SI; rv:1.9.1.20) Gecko/20101111 Firefox/37.0",#6aee20
"Irma Schowalter",+1-345-804-5843,nreichert@gmail.com,"43652 Kutch Viaduct,Andreannehaven, VT 51694","Mozilla/5.0 (Macintosh; PPC Mac OS X 10_8_4 rv:5.0) Gecko/20180517 Firefox/35.0",#e573b2
"Hiram Gislason",1-661-817-3922,sylvester.mcdermott@hotmail.com,"9119 Raynor Crossing Suite 158,New Josephside, ND 05357-3761","Mozilla/5.0 (Windows CE; sl-SI; rv:1.9.0.20) Gecko/20190514 Firefox/36.0",#539bcd
"Lucienne Ziemann",+1-550-237-2720,lempi.rosenbaum@stokes.com,"82185 Monique Unions Apt. 805,Anjaliville, ME 43711-8697","Mozilla/5.0 (compatible; MSIE 5.0; Windows 95; Trident/4.1)",#48eae3
"Coy Bruen","(210) 912-0477",whalvorson@murray.com,"167 Bailey Lake Apt. 698,Rooseveltfort, SC 66416","Mozilla/5.0 (compatible; MSIE 8.0; Windows NT 5.0; Trident/4.0)",#07b92b
"Joey Johnston",1-237-588-2854,stroman.jamar@mills.com,"866 Claud Gateway,West Rebecca, MO 77393","Mozilla/5.0 (Macintosh; U; Intel Mac OS X 10_8_2 rv:6.0; en-US) AppleWebKit/533.28.7 (KHTML, like Gecko) Version/5.1 Safari/533.28.7",#8657ae
"Sherwood Stiedemann IV",1-928-895-4195,uebert@hotmail.com,"33701 Schinner Prairie Suite 270,Mauriciofurt, VT 61347","Mozilla/5.0 (Macintosh; Intel Mac OS X 10_7_1 rv:4.0) Gecko/20200312 Firefox/35.0",#75d707
"Mr. Ahmad Johns II",240-465-5809,myles04@purdy.com,"85962 Francesca Way,South Jaylanmouth, LA 84467","Mozilla/5.0 (X11; Linux x86_64) AppleWebKit/5360 (KHTML, like Gecko) Chrome/38.0.861.0 Mobile Safari/5360",#29d973
"Albina Ortiz",1-698-243-3899,lelia71@hotmail.com,"998 Gunner Landing,Lake Gerhardtown, CA 48936-2130","Mozilla/5.0 (Macintosh; Intel Mac OS X 10_8_4) AppleWebKit/5320 (KHTML, like Gecko) Chrome/37.0.827.0 Mobile Safari/5320",#8c8aac
"Albert Gleichner","+1 (604) 298-9410",casper.kirstin@bruen.org,"9472 Ava Mountains,Bernhardberg, WI 46447-1880","Mozilla/5.0 (Windows NT 6.1; en-US; rv:1.9.0.20) Gecko/20180118 Firefox/35.0",#cd714d
"Ms. Kianna Jaskolski PhD",+12249994169,nader.betty@yahoo.com,"19074 Macejkovic Grove,Isaiahfort, IN 35832","Mozilla/5.0 (Windows NT 4.0) AppleWebKit/5322 (KHTML, like Gecko) Chrome/38.0.831.0 Mobile Safari/5322",#392ccd
"Maida Larkin","(886) 754-7735",jeichmann@beier.com,"76765 Mertz Prairie Suite 486,Schroederside, OK 58297","Mozilla/5.0 (Windows; U; Windows 95) AppleWebKit/534.13.5 (KHTML, like Gecko) Version/4.0.2 Safari/534.13.5",#2c1e70
"Mr. Kelley Pollich",1-742-804-4710,olson.damion@gmail.com,"1551 McGlynn Harbors,South Autumnside, MA 13403","Mozilla/5.0 (Macintosh; PPC Mac OS X 10_8_4 rv:6.0) Gecko/20180112 Firefox/36.0",#f7eaed
"Alfreda Rogahn",921.422.8853,zwelch@hotmail.com,"491 Juanita Throughway,Rogahnburgh, WA 30757-9857","Mozilla/5.0 (Macintosh; PPC Mac OS X 10_5_5 rv:6.0; sl-SI) AppleWebKit/531.36.4 (KHTML, like Gecko) Version/5.0.2 Safari/531.36.4",#196583
"Dejah Harris","+1 (662) 280-8150",waelchi.fae@mitchell.org,"80335 Javier Circle,Bartellchester, OH 11101-3299","Mozilla/5.0 (Windows 98; Win 9x 4.90) AppleWebKit/5320 (KHTML, like Gecko) Chrome/37.0.869.0 Mobile Safari/5320",#cbc397
"Mr. Grayce Abshire","(270) 947-8331",tristian.kilback@lang.com,"32898 Crist Ranch Apt. 793,Lake Genevieve, SC 50986","Opera/9.93 (Windows NT 6.1; en-US) Presto/2.12.181 Version/12.00",#a7e469
"Dr. Neva Prohaska V",691.785.9748,xspencer@yahoo.com,"703 Nader Garden,East Palmachester, DE 48501-0341","Mozilla/5.0 (compatible; MSIE 9.0; Windows NT 6.2; Trident/3.1)",#783b72
"Wilford Jacobson","(480) 925-7072",blanda.jaime@hotmail.com,"616 Miller Streets,Hansentown, CT 92804-6712","Mozilla/5.0 (Windows 98; Win 9x 4.90; en-US; rv:1.9.2.20) Gecko/20210106 Firefox/37.0",#3db312
"Ona Doyle",1-447-373-8160,ariel72@gorczany.com,"35975 Chelsie Wall Apt. 720,Mayeland, LA 00858","Opera/8.48 (X11; Linux x86_64; sl-SI) Presto/2.8.299 Version/12.00",#156f3d
"Serena Labadie",694.293.8611,will.paucek@gmail.com,"729 Hayes Pine,Parisiantown, AR 95809","Mozilla/5.0 (X11; Linux x86_64) AppleWebKit/5362 (KHTML, like Gecko) Chrome/38.0.884.0 Mobile Safari/5362",#ef4f97
"Fannie Bayer","(725) 622-8383",donnelly.jody@gmail.com,"606 Reba Loaf Suite 534,Lake Viviane, MS 16330","Mozilla/5.0 (Windows NT 5.0) AppleWebKit/5332 (KHTML, like Gecko) Chrome/39.0.812.0 Mobile Safari/5332",#d77315
"Emanuel Braun","+1 (338) 288-5620",larson.candelario@krajcik.biz,"72912 Alessia Pike Suite 249,Lake Malvinaland, MA 84282","Mozilla/5.0 (X11; Linux x86_64) AppleWebKit/5360 (KHTML, like Gecko) Chrome/39.0.859.0 Mobile Safari/5360",#29b2c3
"Cheyenne Rowe",828-883-9815,xratke@wilkinson.org,"178 Rebeka Cliffs Suite 446,Mertzmouth, NJ 87011-7004","Mozilla/5.0 (iPhone; CPU iPhone OS 7_1_1 like Mac OS X; en-US) AppleWebKit/532.7.7 (KHTML, like Gecko) Version/4.0.5 Mobile/8B117 Safari/6532.7.7",#983ed0
"Jazmin Wehner",+1-914-772-3602,darren.lebsack@nitzsche.com,"20083 Lebsack Lodge Suite 223,Lake Edyth, MS 23241","Mozilla/5.0 (Macintosh; Intel Mac OS X 10_6_2 rv:6.0) Gecko/20221228 Firefox/36.0",#5fab9d
"Dr. Brain Hayes",1-458-876-9200,carolyne96@hotmail.com,"523 Norbert Manors,East Ottilie, MO 76892","Mozilla/5.0 (compatible; MSIE 6.0; Windows NT 5.0; Trident/3.0)",#03871c
"Rosalee Weber",428-603-9588,collier.phyllis@ferry.org,"974 Alden Freeway Suite 191,North Magali, GA 26473-4496","Mozilla/5.0 (compatible; MSIE 7.0; Windows NT 4.0; Trident/3.1)",#065011
"Therese Zieme",1-553-667-2298,hoyt.abernathy@yahoo.com,"504 White Highway Suite 396,Gutmannfort, CA 96463","Mozilla/5.0 (iPad; CPU OS 7_2_2 like Mac OS X; en-US) AppleWebKit/533.29.1 (KHTML, like Gecko) Version/4.0.5 Mobile/8B118 Safari/6533.29.1",#3baea4
"Melisa Eichmann",1-735-905-0038,elda.muller@bednar.biz,"1107 Mose Locks,West Altafurt, PA 02808","Mozilla/5.0 (compatible; MSIE 8.0; Windows CE; Trident/5.0)",#32579b
"Imelda Hettinger",+17516805291,xbarrows@balistreri.com,"8147 Lera Mews,Kellyview, IA 22975","Mozilla/5.0 (compatible; MSIE 11.0; Windows 98; Trident/5.1)",#338bb2
"Ms. Corene Pagac",+1-332-529-1534,nash.nitzsche@yahoo.com,"50636 Lockman Fords Suite 068,Genovevaport, FL 07357","Mozilla/5.0 (Windows NT 5.2; en-US; rv:1.9.2.20) Gecko/20220201 Firefox/36.0",#6730ce
"Miss Christy Mante",1-445-856-9446,christ38@swaniawski.com,"998 Meggie Square Suite 125,Peggieview, NJ 25721","Mozilla/5.0 (compatible; MSIE 7.0; Windows 98; Trident/3.1)",#a8c5ec
"Jazlyn Hegmann","(935) 501-2151",cortney70@yahoo.com,"653 Rollin Groves Apt. 818,Dachtown, DC 61365","Opera/8.32 (X11; Linux i686; en-US) Presto/2.8.219 Version/11.00",#14d368
"Ms. Layla Hudson",769.977.6668,konopelski.herman@hotmail.com,"55860 Jimmie Bridge Apt. 336,Lake Maud, UT 08205-4196","Mozilla/5.0 (compatible; MSIE 11.0; Windows NT 6.0; Trident/3.1)",#a97c24
"Lauretta Turner",840-347-9581,rae70@hammes.com,"33435 Ferry Track Apt. 513,Sammymouth, MS 01940-2105","Mozilla/5.0 (Windows NT 5.1) AppleWebKit/5312 (KHTML, like Gecko) Chrome/40.0.831.0 Mobile Safari/5312",#3e9be4
"Prof. Korey Gutkowski MD",843-979-3113,brittany15@white.org,"249 Magdalen Loop,Austynburgh, PA 50493-1493","Mozilla/5.0 (Windows NT 5.01) AppleWebKit/5312 (KHTML, like Gecko) Chrome/39.0.847.0 Mobile Safari/5312",#c73400
"Dr. Manuel Heathcote III",962.723.1327,yankunding@hotmail.com,"90885 Norene Key Suite 978,Lake Herminia, GA 41079","Mozilla/5.0 (Macintosh; PPC Mac OS X 10_7_3 rv:5.0; sl-SI) AppleWebKit/534.10.5 (KHTML, like Gecko) Version/4.1 Safari/534.10.5",#2f0a40
"Aylin D'Amore",1-215-654-2708,destany29@hotmail.com,"93612 Russel Circles Suite 057,New Mozellmouth, ME 80069","Opera/9.28 (X11; Linux x86_64; en-US) Presto/2.11.190 Version/12.00",#f9bbf2
"Ms. Erna Gerhold",+1-769-523-5810,sven.rippin@fahey.com,"18805 Herman Alley Apt. 419,Tyreseland, AZ 19233","Mozilla/5.0 (Windows NT 5.01; sl-SI; rv:1.9.1.20) Gecko/20201222 Firefox/35.0",#8488c4
"Cullen Von","(808) 380-9589",sgibson@yahoo.com,"514 Ahmed Lane,Myrtleside, CA 64891-4210","Mozilla/5.0 (compatible; MSIE 10.0; Windows NT 5.01; Trident/3.1)",#86f013
"Destiney Simonis",+1.253.644.8903,aiyana.bergstrom@maggio.com,"7152 Green Forge Suite 979,Daughertychester, OR 98657-3384","Mozilla/5.0 (compatible; MSIE 8.0; Windows NT 5.0; Trident/3.1)",#9758df
"Ima Mitchell MD",756-927-3688,howe.jason@yahoo.com,"53918 Augustine Row,Rachelton, ND 63619","Mozilla/5.0 (Windows NT 4.0) AppleWebKit/5361 (KHTML, like Gecko) Chrome/36.0.858.0 Mobile Safari/5361",#9b7e38
"Aracely Rutherford",762.626.0544,kessler.susanna@gmail.com,"6311 Alison Union Apt. 159,New Miller, WV 97032","Mozilla/5.0 (Windows 98; Win 9x 4.90; sl-SI; rv:1.9.2.20) Gecko/20191127 Firefox/36.0",#e07f9a
"Julianne Wilderman MD","+1 (421) 667-1382",lurline08@ferry.org,"298 Streich Terrace Apt. 911,O'Reillymouth, AZ 54498","Mozilla/5.0 (compatible; MSIE 9.0; Windows 98; Win 9x 4.90; Trident/5.1)",#951e99
"Valentine Sawayn",367.577.7799,marquise.marquardt@deckow.com,"2659 Sarina Stravenue,Andreaneland, MT 18526","Mozilla/5.0 (X11; Linux i686) AppleWebKit/5352 (KHTML, like Gecko) Chrome/38.0.840.0 Mobile Safari/5352",#db0ef9
"Bernice Langosh","+1 (871) 896-5298",alayna67@gmail.com,"94339 Carol Lakes,Haagburgh, GA 19795","Mozilla/5.0 (compatible; MSIE 5.0; Windows NT 5.0; Trident/5.1)",#11b17c
"Dr. Alena Emard DVM",519.695.3224,hermiston.ayana@toy.net,"388 Rowe Lodge Suite 786,Port Samaraburgh, NJ 50665-3994","Mozilla/5.0 (Macintosh; Intel Mac OS X 10_7_1 rv:4.0; en-US) AppleWebKit/532.15.3 (KHTML, like Gecko) Version/4.0.2 Safari/532.15.3",#41eb57
"Caleigh Daniel","(970) 366-5852",coy.crona@yahoo.com,"953 Estell Crescent Apt. 598,South Keenan, TN 41166","Mozilla/5.0 (X11; Linux x86_64; rv:7.0) Gecko/20161209 Firefox/37.0",#639bb6
"Dr. Myra Koepp","(419) 210-7081",lynch.giuseppe@hegmann.com,"8939 Lind Motorway Apt. 148,Rennerburgh, TN 40245-9600","Opera/9.93 (Windows 95; sl-SI) Presto/2.9.226 Version/12.00",#f50830
"Rosetta Huels IV",520-993-9733,veronica.jaskolski@rosenbaum.info,"28644 Rolando Forks,New Keltonhaven, TN 49855-9622","Mozilla/5.0 (Windows NT 5.01; sl-SI; rv:1.9.1.20) Gecko/20151106 Firefox/35.0",#1ce8cb
"Kaci Ziemann",+1.856.439.3017,littel.eladio@hudson.com,"912 Effie Lights,DuBuquefort, MS 10193-7515","Mozilla/5.0 (compatible; MSIE 6.0; Windows NT 5.1; Trident/5.0)",#86a6e9
"Bert Koss",951.578.6737,alison.pacocha@gmail.com,"65562 Bryon Groves,North Laisha, DE 95789-0048","Opera/9.57 (Windows NT 6.1; en-US) Presto/2.10.309 Version/12.00",#35426a
"Bert Gerlach",208.249.8674,dwillms@yahoo.com,"453 Schneider Motorway Apt. 422,Jaclynberg, NV 44297-2819","Mozilla/5.0 (X11; Linux x86_64; rv:7.0) Gecko/20170204 Firefox/37.0",#4ec038
"Phyllis Wolf",+1-545-365-0131,purdy.allie@yahoo.com,"68987 Isidro Rapid Suite 347,Port Crawford, UT 80674-8871","Mozilla/5.0 (Windows NT 4.0; sl-SI; rv:1.9.1.20) Gecko/20201201 Firefox/37.0",#a5ee3d
"Kimberly Ratke",1-570-217-7636,berge.godfrey@gmail.com,"1264 Walter Island,Zanderberg, NV 99774","Mozilla/5.0 (compatible; MSIE 9.0; Windows NT 4.0; Trident/5.1)",#ee1d78
"Dr. Olin Yundt I",634-835-9306,ulises19@gmail.com,"2627 Pacocha Mountain,Port Robinport, NC 89129-3686","Mozilla/5.0 (Windows 98) AppleWebKit/5351 (KHTML, like Gecko) Chrome/39.0.835.0 Mobile Safari/5351",#582728
"Boris Gerlach",+15043637303,baby.muller@hotmail.com,"48791 Blanda Road Suite 045,New Bessiestad, NV 84427","Opera/9.33 (Windows NT 5.01; en-US) Presto/2.12.175 Version/11.00",#2272ee
"Amir McCullough",947.865.1576,becker.kaleb@hotmail.com,"21877 Donna Union,Haleychester, OR 17040-7008","Mozilla/5.0 (compatible; MSIE 11.0; Windows NT 5.0; Trident/5.0)",#49bc75
"Dr. Christa Mraz",471-265-3698,cartwright.reta@wolf.com,"913 Louie Mountains Apt. 611,Julienshire, NJ 35847","Mozilla/5.0 (compatible; MSIE 5.0; Windows NT 5.0; Trident/3.0)",#c39b3a
"Mrs. Fabiola McKenzie",856.948.7936,schuster.amie@gmail.com,"86908 Anabelle Branch Suite 902,Steuberstad, MI 09428-9785","Opera/9.69 (Windows 98; Win 9x 4.90; sl-SI) Presto/2.12.267 Version/10.00",#1a441c
"Jordi Sipes","+1 (497) 570-3402",anna.koelpin@shields.biz,"987 Haley Parkway Apt. 447,Lake Ryannville, DE 73757-7682","Mozilla/5.0 (compatible; MSIE 9.0; Windows NT 5.1; Trident/3.1)",#f0efb3
"Rowena Cole",606-362-5962,fbeer@hammes.com,"449 Alfred Corner,East Sylvesterland, OH 77554-6854","Opera/9.35 (Windows 98; Win 9x 4.90; en-US) Presto/2.9.221 Version/11.00",#8989d8
"Prof. Madge Morar",937-257-3615,unique05@hyatt.com,"791 Terrell Roads Apt. 468,North Lester, IN 91797","Mozilla/5.0 (Macintosh; PPC Mac OS X 10_7_8) AppleWebKit/5350 (KHTML, like Gecko) Chrome/39.0.894.0 Mobile Safari/5350",#34f18b
"Dr. Kane Block Jr.",917.694.8040,olson.leanne@stehr.com,"4025 Williamson Via,North Yasmeenport, CO 67004-7049","Mozilla/5.0 (compatible; MSIE 10.0; Windows NT 5.1; Trident/3.1)",#a358ff
"Tiara Hudson",928.586.3456,schultz.roxanne@yahoo.com,"5663 Xavier Plaza Suite 460,Aileenside, NM 67600","Mozilla/5.0 (Windows NT 6.0) AppleWebKit/5311 (KHTML, like Gecko) Chrome/38.0.827.0 Mobile Safari/5311",#bb4b8d
"Tod Kreiger",781-221-8150,glenna.prohaska@yahoo.com,"31636 Bashirian Lodge Apt. 714,Joanview, NV 62133-6826","Mozilla/5.0 (iPhone; CPU iPhone OS 8_2_2 like Mac OS X; en-US) AppleWebKit/534.37.5 (KHTML, like Gecko) Version/4.0.5 Mobile/8B114 Safari/6534.37.5",#197e31
"Zoie Kerluke DVM",1-269-251-4736,karson.bode@rippin.com,"42315 Bailey River,Guadalupemouth, DE 42293-1815","Mozilla/5.0 (X11; Linux i686) AppleWebKit/5312 (KHTML, like Gecko) Chrome/36.0.888.0 Mobile Safari/5312",#2c35c7
"Elvie Schaden",+1-378-395-5680,yost.trinity@hotmail.com,"8499 Johnathon Shore Apt. 273,Allenburgh, TX 73980","Mozilla/5.0 (Macintosh; U; Intel Mac OS X 10_5_1 rv:4.0) Gecko/20220102 Firefox/36.0",#d0115e
"Odell Lockman",462-434-7277,natalia.armstrong@gmail.com,"66582 Rita Roads Apt. 881,Schusterchester, LA 17314-0200","Mozilla/5.0 (compatible; MSIE 7.0; Windows NT 6.2; Trident/3.0)",#a44c02
"Anika Gibson I","(250) 977-7207",noemy84@casper.net,"91102 Elmore Roads,Murphyborough, NM 94406-8447","Mozilla/5.0 (Windows NT 5.1; sl-SI; rv:1.9.1.20) Gecko/20130519 Firefox/35.0",#9a7f7a
"Leatha Sanford II",786.994.7064,abigale.dare@hotmail.com,"92554 Von Island Suite 401,Luigibury, CT 22209-6687","Mozilla/5.0 (compatible; MSIE 7.0; Windows 98; Win 9x 4.90; Trident/4.1)",#63f8ae
"Orland Veum",1-630-594-5507,mike.toy@yahoo.com,"512 Crooks Creek,Dickinsonshire, KS 55805-0397","Opera/8.86 (X11; Linux x86_64; en-US) Presto/2.8.227 Version/10.00",#edeb69
"Ms. Mya Stiedemann",654.737.0262,cbarrows@hotmail.com,"77601 Koch Ville Suite 205,Edwinstad, DC 75025-3089","Mozilla/5.0 (Windows NT 5.0) AppleWebKit/5331 (KHTML, like Gecko) Chrome/38.0.847.0 Mobile Safari/5331",#3075ac
"Reyes Considine",+1.578.847.5410,phickle@gmail.com,"89368 Lelia Skyway Suite 488,Lake Ricky, MT 53604-8465","Mozilla/5.0 (Macintosh; U; Intel Mac OS X 10_7_0 rv:4.0) Gecko/20101228 Firefox/37.0",#e0a425
"Bruce Heaney","(942) 593-1806",hansen.paula@weimann.org,"2263 Lucienne Rapids Apt. 267,Morissettechester, IL 19409","Mozilla/5.0 (Macintosh; PPC Mac OS X 10_8_5) AppleWebKit/5362 (KHTML, like Gecko) Chrome/38.0.820.0 Mobile Safari/5362",#3fb07d
"Cassandre Bauch",+15199239431,lschroeder@erdman.com,"19060 Janice Lodge Apt. 256,Lake Mollietown, KY 80342","Mozilla/5.0 (iPad; CPU OS 8_0_2 like Mac OS X; en-US) AppleWebKit/531.36.5 (KHTML, like Gecko) Version/4.0.5 Mobile/8B116 Safari/6531.36.5",#44d808
"Harmon Mante",535-294-3150,lhuel@yahoo.com,"4880 Olson Pike,Lake Spencer, AZ 41160","Mozilla/5.0 (iPad; CPU OS 8_2_1 like Mac OS X; en-US) AppleWebKit/535.48.3 (KHTML, like Gecko) Version/4.0.5 Mobile/8B111 Safari/6535.48.3",#0a4b27
"Dion Fritsch",1-248-333-1744,whickle@yahoo.com,"8644 Zieme Lodge,South Margueritefurt, SD 32586-1489","Mozilla/5.0 (iPad; CPU OS 8_0_2 like Mac OS X; sl-SI) AppleWebKit/533.39.6 (KHTML, like Gecko) Version/3.0.5 Mobile/8B114 Safari/6533.39.6",#c1f6db
"Jaylon Ziemann II",+1.531.961.6266,jerod.ferry@botsford.biz,"523 Rice Mountains,Lake Ezra, MT 21268-9281","Mozilla/5.0 (Macintosh; U; Intel Mac OS X 10_8_5 rv:3.0) Gecko/20110511 Firefox/36.0",#b29d3c
"Rico Anderson",1-773-391-1573,jones.henri@russel.com,"922 Lemuel Views Apt. 289,South Romatown, OH 66919-3574","Mozilla/5.0 (Macintosh; U; Intel Mac OS X 10_8_1) AppleWebKit/5341 (KHTML, like Gecko) Chrome/39.0.831.0 Mobile Safari/5341",#3ac281
"Mr. Columbus Hand",1-340-217-8841,jacobson.tyra@funk.info,"75768 Fred Trafficway,North Janick, VA 67895","Mozilla/5.0 (Macintosh; U; Intel Mac OS X 10_8_7 rv:3.0; en-US) AppleWebKit/535.7.6 (KHTML, like Gecko) Version/4.0.5 Safari/535.7.6",#365153
"Art Lowe V",+1-608-356-9475,mcasper@rogahn.biz,"17358 Cheyenne Prairie Suite 585,Metzborough, DC 73569","Mozilla/5.0 (Windows; U; Windows 98) AppleWebKit/533.20.5 (KHTML, like Gecko) Version/4.0.2 Safari/533.20.5",#f3e8a5
"Prof. Benny Cole I",543.466.3974,adams.katharina@hotmail.com,"887 Skyla Summit Apt. 893,Welchstad, NC 60538-4265","Mozilla/5.0 (iPhone; CPU iPhone OS 7_1_2 like Mac OS X; sl-SI) AppleWebKit/532.41.3 (KHTML, like Gecko) Version/3.0.5 Mobile/8B116 Safari/6532.41.3",#a27d5e
"Lexi Mertz",+1-290-381-8288,flo14@yahoo.com,"49901 Savanna Meadow,Lake Camren, ID 83627","Mozilla/5.0 (X11; Linux i686; rv:6.0) Gecko/20200506 Firefox/36.0",#2af08e
"Dr. Ricardo Fritsch Jr.",1-986-445-7418,jennifer.schiller@gmail.com,"415 Boyle Junction Suite 520,West Devan, AK 74650","Mozilla/5.0 (Windows NT 6.0) AppleWebKit/5362 (KHTML, like Gecko) Chrome/39.0.829.0 Mobile Safari/5362",#943094
"Dr. Danial Gleichner PhD","+1 (493) 878-8985",klocko.ena@hotmail.com,"5499 Phyllis Courts Apt. 828,West Chance, UT 04210","Opera/8.70 (X11; Linux i686; en-US) Presto/2.11.199 Version/11.00",#24f632
"Leonel Corkery IV",1-249-431-0459,lonnie35@yahoo.com,"621 Easton Heights,Prosaccofort, MD 40778-6944","Opera/9.10 (Windows 95; en-US) Presto/2.12.206 Version/12.00",#fb166c
"Buford Langworth",+19933007874,ernestine02@rogahn.info,"16882 Braun Spring,Mariaville, NC 93178-2792","Mozilla/5.0 (Macintosh; PPC Mac OS X 10_7_1) AppleWebKit/5340 (KHTML, like Gecko) Chrome/38.0.858.0 Mobile Safari/5340",#677ac0
"Edyth Marquardt",+1-821-865-0332,dexter85@steuber.net,"62309 Jody Heights,Armstrongburgh, MT 04103","Mozilla/5.0 (compatible; MSIE 6.0; Windows NT 5.0; Trident/5.1)",#d09be1
"Mrs. Athena Douglas",+1.576.386.0388,tbahringer@gmail.com,"3095 Queen Way,Mateoland, DC 02171-8136","Mozilla/5.0 (compatible; MSIE 10.0; Windows NT 5.0; Trident/4.0)",#1b8251
"Rogers Feest",+1-243-649-4453,caden.frami@gmail.com,"338 Lang Centers Suite 277,Conroytown, MI 94052","Mozilla/5.0 (iPhone; CPU iPhone OS 8_2_2 like Mac OS X; sl-SI) AppleWebKit/531.14.3 (KHTML, like Gecko) Version/3.0.5 Mobile/8B119 Safari/6531.14.3",#813808
"Jonas Bartoletti",+1-425-777-9105,carmella79@gmail.com,"1224 Borer Landing,Virginieland, OR 48684-4053","Mozilla/5.0 (Macintosh; Intel Mac OS X 10_8_9 rv:2.0) Gecko/20161212 Firefox/35.0",#e6c13b
"Hester Pfeffer II",+1-597-898-0684,dorothy40@steuber.biz,"8870 Kris Extensions Apt. 792,Greysonport, IN 08074-8528","Mozilla/5.0 (X11; Linux x86_64) AppleWebKit/5330 (KHTML, like Gecko) Chrome/36.0.885.0 Mobile Safari/5330",#031d25
"Miss Bridget Frami Jr.","(939) 496-8537",gorczany.shanel@yahoo.com,"85903 Joesph Isle,North Gusbury, AL 30142-2191","Mozilla/5.0 (Windows NT 5.01; sl-SI; rv:1.9.2.20) Gecko/20111121 Firefox/37.0",#310ef2
"Mikel Hettinger","(848) 341-9447",travis54@hotmail.com,"3459 Nitzsche Summit Apt. 615,East Audie, VA 17048-7143","Mozilla/5.0 (compatible; MSIE 5.0; Windows 98; Trident/3.1)",#03874e
"Sophia Dare",823-282-4891,yeffertz@hotmail.com,"96995 Marshall Harbors,Cummerataland, DC 68784-1564","Mozilla/5.0 (Windows 98; sl-SI; rv:1.9.2.20) Gecko/20190123 Firefox/36.0",#18f3d4
"Destin Hettinger",+19628878308,mortiz@reilly.org,"805 Hahn Wells Suite 020,Lednerchester, HI 90771-5808","Mozilla/5.0 (Macintosh; PPC Mac OS X 10_7_8 rv:5.0) Gecko/20111115 Firefox/35.0",#22ff1b
"Elna Terry",1-634-494-0796,schiller.russel@little.com,"144 Howard Glen,West Caitlynshire, MN 14048","Mozilla/5.0 (Windows NT 6.2; en-US; rv:1.9.0.20) Gecko/20151231 Firefox/36.0",#886210
"Melyssa Bernhard",+1-414-954-2967,ritchie.jarrell@gmail.com,"410 Reinger Station Suite 242,Gerholdville, TX 00446","Mozilla/5.0 (Macintosh; U; PPC Mac OS X 10_8_0 rv:6.0) Gecko/20210306 Firefox/37.0",#7105da
"Adrien Hansen","(419) 971-9908",dashawn08@wilkinson.com,"930 Abdullah Course,Donatotown, MI 23031","Mozilla/5.0 (iPhone; CPU iPhone OS 8_1_2 like Mac OS X; en-US) AppleWebKit/535.8.2 (KHTML, like Gecko) Version/4.0.5 Mobile/8B114 Safari/6535.8.2",#be00f8
"Ulises Auer","(837) 713-2670",albin22@cassin.com,"3413 Casandra Plaza,New Isabell, UT 85870-8948","Mozilla/5.0 (compatible; MSIE 11.0; Windows NT 6.1; Trident/3.1)",#0a1656
"Terrance Jaskolski",842-796-9080,israel.lindgren@jacobi.org,"831 Rosenbaum Junction Apt. 743,North Ariane, IN 91754","Mozilla/5.0 (compatible; MSIE 5.0; Windows 95; Trident/3.1)",#beff15
"Jamal Gutmann",+1-838-281-5746,rschultz@predovic.com,"7413 King Mews,Avaland, LA 70968-0073","Mozilla/5.0 (compatible; MSIE 11.0; Windows NT 6.2; Trident/4.0)",#549386
"Devon Lynch",994-829-9122,zschroeder@yahoo.com,"5153 Kasandra Common Apt. 116,Lake Kiarra, MD 85646","Mozilla/5.0 (Macintosh; Intel Mac OS X 10_7_9) AppleWebKit/5360 (KHTML, like Gecko) Chrome/39.0.885.0 Mobile Safari/5360",#fe75e2
"Bridget Quigley I",+18785068821,pkoelpin@sawayn.com,"87601 Lambert Creek Apt. 992,Anissashire, FL 41325-0706","Mozilla/5.0 (iPhone; CPU iPhone OS 7_0_1 like Mac OS X; sl-SI) AppleWebKit/535.5.1 (KHTML, like Gecko) Version/3.0.5 Mobile/8B113 Safari/6535.5.1",#ec43b4
"Dr. Alfonso Hamill",919.886.0903,llewellyn23@jaskolski.com,"997 Gibson Mountain,Marinabury, CT 70687-3616","Mozilla/5.0 (Macintosh; Intel Mac OS X 10_6_7 rv:5.0; sl-SI) AppleWebKit/535.19.7 (KHTML, like Gecko) Version/5.0.4 Safari/535.19.7",#a6a53a
"Lupe Lubowitz",428.986.7505,fgibson@volkman.com,"238 Guadalupe Avenue Suite 953,New Stone, WV 32976","Opera/9.94 (Windows NT 6.2; en-US) Presto/2.10.206 Version/10.00",#ad1510
"Nova McClure III",+1-841-998-0314,carleton58@yahoo.com,"6635 Morissette Bridge Suite 376,Gradyton, ND 99005","Mozilla/5.0 (Windows NT 5.2; sl-SI; rv:1.9.1.20) Gecko/20131229 Firefox/35.0",#7b5b72
"Ephraim Ebert",+1-952-748-7385,ulabadie@hotmail.com,"33023 Blaze Pike Apt. 605,Corrineville, KS 22858-4689","Opera/9.25 (Windows NT 6.2; en-US) Presto/2.8.247 Version/10.00",#0c3a98
"Silas Bednar",451-556-5381,wcrooks@gusikowski.biz,"55802 Angus Harbors,Port Jordanshire, CO 82322","Mozilla/5.0 (Windows NT 5.1; en-US; rv:1.9.1.20) Gecko/20210917 Firefox/37.0",#a97647
"Gladys Hauck",+1.434.659.2823,mckenna35@hotmail.com,"681 Bridie Oval,West Tyreek, IL 74393-2350","Mozilla/5.0 (Macintosh; PPC Mac OS X 10_6_2 rv:5.0) Gecko/20130305 Firefox/35.0",#ffae5f
"Robb Daniel","+1 (625) 301-7926",adolph73@murazik.com,"3255 Cormier Lights,North Adityastad, WA 56772","Mozilla/5.0 (X11; Linux i686) AppleWebKit/5341 (KHTML, like Gecko) Chrome/36.0.834.0 Mobile Safari/5341",#39876a
"Prof. Alvis Lubowitz I","+1 (795) 772-3648",hborer@schimmel.biz,"113 Heidenreich Pass Apt. 290,South Delfinaland, NE 52459-5041","Mozilla/5.0 (Macintosh; PPC Mac OS X 10_5_1 rv:5.0; sl-SI) AppleWebKit/535.21.7 (KHTML, like Gecko) Version/5.0 Safari/535.21.7",#345669
"Mrs. Winifred Mraz",+16478759513,oconner.talia@gmail.com,"3004 Aisha Plain Suite 908,North Arthurville, ME 84629-1774","Mozilla/5.0 (X11; Linux i686; rv:7.0) Gecko/20130518 Firefox/37.0",#17064b
"Dr. Keshawn Vandervort I",685.208.4318,qgraham@funk.com,"33167 Little Forges,North Providenci, MO 12687","Opera/9.42 (X11; Linux x86_64; sl-SI) Presto/2.12.213 Version/11.00",#40efb5
"Prof. Sibyl Okuneva Jr.",683-653-0340,wilkinson.sabina@gmail.com,"1777 Fleta Inlet Apt. 567,North Era, NE 58880","Mozilla/5.0 (compatible; MSIE 6.0; Windows 98; Win 9x 4.90; Trident/3.0)",#d7bca6
"Prof. Sally Ullrich",389-548-1952,lmarks@hagenes.com,"6746 Swift Junctions Apt. 462,Gleasonview, OK 55295-7133","Mozilla/5.0 (Windows 98; Win 9x 4.90; en-US; rv:1.9.2.20) Gecko/20210624 Firefox/37.0",#de58c4
"Mr. Cleve Bauch DDS",1-637-539-1722,amie.balistreri@beer.com,"554 Streich Forest,Morissetteton, MO 49394","Mozilla/5.0 (iPhone; CPU iPhone OS 7_0_1 like Mac OS X; sl-SI) AppleWebKit/533.31.4 (KHTML, like Gecko) Version/4.0.5 Mobile/8B111 Safari/6533.31.4",#19147e
"Prof. Enos Bartoletti I",412.210.1624,tristin.mertz@yahoo.com,"51223 Kailee Center Apt. 155,South Leliaville, NV 54786","Mozilla/5.0 (Windows; U; Windows 98; Win 9x 4.90) AppleWebKit/533.20.3 (KHTML, like Gecko) Version/5.1 Safari/533.20.3",#88597c
"Hazel Jerde V",+1-332-675-5597,botsford.kaia@funk.com,"998 Carlo Junction Apt. 756,Geoland, KY 71747-1812","Mozilla/5.0 (Macintosh; U; PPC Mac OS X 10_8_7) AppleWebKit/5341 (KHTML, like Gecko) Chrome/37.0.899.0 Mobile Safari/5341",#651024
"Esteban Bernhard",563-756-5858,monahan.taurean@kilback.com,"312 Roberts Squares Apt. 271,Jordonland, AL 85131-0935","Mozilla/5.0 (compatible; MSIE 6.0; Windows 98; Win 9x 4.90; Trident/4.0)",#645d9d
"Valentina Gulgowski","(839) 815-1658",hoppe.lucile@yahoo.com,"74254 Moshe Knoll Apt. 390,Port Ernestina, FL 18778-5751","Mozilla/5.0 (compatible; MSIE 9.0; Windows NT 6.1; Trident/5.1)",#a45352
"Lance Gutmann",+1.854.430.0860,connelly.cheyanne@gmail.com,"3883 Gideon Harbor,Andreaneport, NV 39116","Mozilla/5.0 (compatible; MSIE 7.0; Windows NT 5.0; Trident/4.1)",#95491e
"Janessa Terry",891.528.6117,kpadberg@jacobson.biz,"46973 Carey Place,New Bertrandton, DE 78378","Mozilla/5.0 (X11; Linux i686; rv:7.0) Gecko/20190119 Firefox/35.0",#34eda2
"Peter Smith",1-602-408-1581,luther36@turcotte.com,"1468 Pouros Throughway,Lake Novella, CT 61084-3384","Mozilla/5.0 (compatible; MSIE 11.0; Windows 98; Trident/3.0)",#042cd2
"Abraham White","+1 (363) 679-3240",kraig.daniel@yahoo.com,"5647 Ransom Green Apt. 400,Lake Tomburgh, LA 97703-0591","Mozilla/5.0 (compatible; MSIE 10.0; Windows 98; Trident/3.1)",#2af78a
"Jaylin Fritsch",+1.514.628.0348,talia13@yahoo.com,"2466 Mabelle Court Suite 283,Jakaylaside, MI 77477","Mozilla/5.0 (Windows CE; en-US; rv:1.9.1.20) Gecko/20220130 Firefox/37.0",#786115
"Lizzie Schmidt",+17462807339,qbauch@beier.org,"799 Bernadine Glen,Lake Damien, UT 29946-1525","Mozilla/5.0 (Windows NT 6.0; en-US; rv:1.9.0.20) Gecko/20130428 Firefox/35.0",#327b86
"Xander Crooks",+1.358.698.0520,vgorczany@ledner.org,"310 Katheryn Walk Suite 020,West Karenport, IL 65672","Mozilla/5.0 (Windows; U; Windows 98) AppleWebKit/532.49.2 (KHTML, like Gecko) Version/4.0.2 Safari/532.49.2",#1aa8cc
"Dr. Melvina McDermott","(894) 918-3995",josefa.block@stroman.com,"3034 Pollich Ford Apt. 839,Beahanbury, OK 92501","Mozilla/5.0 (Macintosh; U; PPC Mac OS X 10_6_2 rv:6.0; en-US) AppleWebKit/534.50.5 (KHTML, like Gecko) Version/5.1 Safari/534.50.5",#befae5
"Lea Price",1-446-315-3387,ella49@gerhold.com,"263 Armstrong Ridge Suite 302,New Max, SD 98055-3722","Mozilla/5.0 (Macintosh; PPC Mac OS X 10_6_0 rv:6.0; sl-SI) AppleWebKit/533.20.5 (KHTML, like Gecko) Version/5.0.5 Safari/533.20.5",#cfd0e9
"Martina Lehner",276.587.0641,collins.sydni@gmail.com,"454 Maurice Cliffs Suite 018,South Kailey, MO 91690-6628","Opera/9.72 (Windows NT 4.0; en-US) Presto/2.12.291 Version/11.00",#7131a1
"Valentin Deckow",256.929.2695,vallie27@anderson.com,"613 Buck Trace Suite 367,Hermanview, AR 60820-5796","Mozilla/5.0 (Macintosh; U; PPC Mac OS X 10_5_5) AppleWebKit/5340 (KHTML, like Gecko) Chrome/40.0.829.0 Mobile Safari/5340",#dd2f21
"Betsy Ferry",635.850.5716,pkihn@yahoo.com,"7693 Pascale Forest Apt. 101,North Anyabury, TN 36399","Opera/9.89 (Windows NT 6.1; en-US) Presto/2.10.347 Version/12.00",#28203f
"Moises Ankunding","(423) 390-1977",volkman.pierre@gmail.com,"76619 Edythe Ports,Johnsview, SC 53635","Mozilla/5.0 (X11; Linux x86_64; rv:7.0) Gecko/20190711 Firefox/37.0",#1ce684
"Garth Dietrich",1-420-298-9261,asha.runolfsson@hotmail.com,"47802 Beatty Road Suite 568,North Shirleymouth, WI 66096-6405","Mozilla/5.0 (X11; Linux i686) AppleWebKit/5361 (KHTML, like Gecko) Chrome/40.0.821.0 Mobile Safari/5361",#5fa43d
"Amina Blick",1-834-360-5883,hlittle@hotmail.com,"1711 Blanche Ways,Keeleymouth, CA 36520-0052","Opera/8.50 (X11; Linux i686; sl-SI) Presto/2.8.182 Version/10.00",#a2fabb
"Prof. Kira Franecki",247.280.2585,barney.stehr@yahoo.com,"35189 Jakubowski Summit Suite 267,Gabrielland, WY 85722","Opera/9.30 (Windows NT 6.1; en-US) Presto/2.8.169 Version/12.00",#75c0da
"Daren Weissnat Jr.","+1 (521) 225-2034",wpollich@walker.org,"942 Pollich Drives Apt. 271,Port Minnieshire, IL 01914","Opera/8.93 (X11; Linux x86_64; en-US) Presto/2.11.211 Version/11.00",#41af20
"Jameson Barton","+1 (790) 204-8023",rvon@ondricka.com,"830 Kristoffer Inlet Suite 112,Baileyfort, HI 76873","Mozilla/5.0 (compatible; MSIE 7.0; Windows 95; Trident/5.1)",#d7a4c4
"Tia Mills",+1.409.516.0032,rocio74@hotmail.com,"355 Casper Fall Suite 965,Armandside, NH 34510","Mozilla/5.0 (Macintosh; U; Intel Mac OS X 10_6_1 rv:5.0) Gecko/20220910 Firefox/35.0",#41012b
"Miss Ivory Bosco",310.979.6730,dbeer@price.com,"5869 Swift Unions Apt. 256,South Geoffrey, AR 00187-7911","Mozilla/5.0 (Macintosh; U; PPC Mac OS X 10_5_7 rv:3.0) Gecko/20141209 Firefox/37.0",#ff154f
"Dorothy Bruen",384.303.0595,euna74@hotmail.com,"90657 Barrows Cove,Anahishire, UT 54460-2788","Mozilla/5.0 (compatible; MSIE 10.0; Windows NT 5.1; Trident/4.1)",#81eaba
"Adela Davis V",1-861-357-1372,rkuhic@senger.org,"19557 Pagac Gardens Suite 458,East Danniefurt, MO 52278-7155","Mozilla/5.0 (compatible; MSIE 9.0; Windows NT 5.2; Trident/5.1)",#60fb62
"Miss Alisa Stracke DDS","+1 (309) 287-5348",abbott.garth@harris.com,"988 Schultz Estates,East Brianside, RI 09238","Mozilla/5.0 (compatible; MSIE 6.0; Windows NT 6.2; Trident/3.0)",#d56884
"Aliyah Monahan",382.760.8010,ukoelpin@gmail.com,"39484 Kris Spurs,New Jimmieburgh, CT 49572","Mozilla/5.0 (Windows NT 6.2) AppleWebKit/5361 (KHTML, like Gecko) Chrome/39.0.888.0 Mobile Safari/5361",#9f18f2
"Mr. Harrison Hudson","+1 (261) 620-7290",oscar.rogahn@senger.com,"441 Delia Extension Suite 054,Fannieport, WI 55657","Mozilla/5.0 (Windows NT 6.2) AppleWebKit/5341 (KHTML, like Gecko) Chrome/38.0.878.0 Mobile Safari/5341",#21b340
"Mr. Ceasar Leannon",+1-260-295-2836,moses.oreilly@braun.org,"881 Weimann Drive,Kohlershire, MO 88923-6950","Mozilla/5.0 (Windows; U; Windows NT 5.1) AppleWebKit/532.21.5 (KHTML, like Gecko) Version/5.0.2 Safari/532.21.5",#dc7ca7
"Miss Mandy Goyette",1-727-460-4137,luna.jaskolski@boyle.com,"7682 Vada Estate,Myrtleshire, NJ 47956-8647","Mozilla/5.0 (compatible; MSIE 9.0; Windows NT 6.0; Trident/5.0)",#1cad52
"Blaze Mertz IV",+13963233456,vincenza.schiller@yahoo.com,"23370 Hollis Causeway,Port Nico, VT 32053","Opera/9.94 (X11; Linux x86_64; sl-SI) Presto/2.11.220 Version/11.00",#6b91cc
"Ms. Brionna Walter MD","(689) 212-7305",kobe.king@yahoo.com,"7027 Camilla Summit,Phoebeland, IL 33588-2563","Mozilla/5.0 (compatible; MSIE 11.0; Windows NT 5.0; Trident/3.1)",#e9b04f
"Ana Schaden","+1 (456) 323-0547",tebert@hotmail.com,"734 Farrell Points,West Nona, ID 40861-6253","Opera/8.12 (Windows NT 5.1; sl-SI) Presto/2.11.333 Version/10.00",#95349c
"Camylle Ruecker",+1.956.351.8088,erdman.breana@grady.biz,"9495 Jerald Vista,West Lisa, GA 58770-6434","Opera/9.19 (X11; Linux i686; en-US) Presto/2.11.250 Version/11.00",#120235
"Belle McGlynn",+15843858147,vella.kuhic@upton.com,"746 Rau Place Suite 710,Lake Novashire, NC 12701-0810","Mozilla/5.0 (Windows NT 5.01) AppleWebKit/5311 (KHTML, like Gecko) Chrome/36.0.806.0 Mobile Safari/5311",#39d635
"Mr. Samson Christiansen",+1-410-257-3448,gjenkins@white.com,"3647 Sawayn Roads Apt. 630,East Kellyville, NH 68064","Mozilla/5.0 (Macintosh; U; PPC Mac OS X 10_7_6 rv:2.0) Gecko/20141128 Firefox/37.0",#fd4d02
"Kariane Bartell",1-958-366-9422,petra.kuvalis@gmail.com,"29841 Prohaska Extension Suite 972,Kingland, WV 56816-8793","Mozilla/5.0 (Windows CE; sl-SI; rv:1.9.1.20) Gecko/20121113 Firefox/36.0",#a25f19
"Telly Moen","(837) 972-1849",rice.corrine@hotmail.com,"1731 Ocie Drive Apt. 263,Lake Forrest, CT 23130-3704","Mozilla/5.0 (compatible; MSIE 11.0; Windows NT 6.2; Trident/3.1)",#527732
"Juliet Luettgen","+1 (992) 624-8833",murray.elna@yahoo.com,"95713 White Shoal Apt. 660,Stehrshire, OH 81407","Mozilla/5.0 (Macintosh; PPC Mac OS X 10_6_6 rv:6.0) Gecko/20100223 Firefox/35.0",#2f48bf
"Mr. Dock Fadel",+1-568-466-1298,streich.aliya@kutch.com,"65227 O'Keefe Knoll,Gerholdberg, NE 56368","Mozilla/5.0 (Macintosh; U; PPC Mac OS X 10_5_0 rv:6.0) Gecko/20130119 Firefox/36.0",#ddefcb
"Alisa Lemke",+19166703388,hester85@krajcik.info,"250 Kiara Cliffs,Port Luz, MD 06899","Mozilla/5.0 (Windows; U; Windows NT 5.2) AppleWebKit/533.40.7 (KHTML, like Gecko) Version/5.0 Safari/533.40.7",#01a6ae
"Emilio McDermott",1-868-854-7512,dahlia.powlowski@bauch.com,"78939 Johnson Burg,Borerburgh, MN 35879","Mozilla/5.0 (Windows 95; sl-SI; rv:1.9.2.20) Gecko/20170605 Firefox/37.0",#3124ff
"Hulda Christiansen",831.341.7781,urempel@rodriguez.com,"41411 Julia Fields,Conroyville, DE 19692","Mozilla/5.0 (compatible; MSIE 5.0; Windows NT 6.1; Trident/3.1)",#d73d1d
"Princess Johnston","(537) 477-2706",lonnie18@kohler.net,"378 Jakubowski Vista Suite 228,Wizastad, MT 53867-8403","Opera/9.66 (Windows 95; sl-SI) Presto/2.10.181 Version/12.00",#677810
"Dr. Sallie King Sr.",426-908-6606,adela88@kilback.net,"445 Roob Track,Macishire, AZ 73959-3764","Mozilla/5.0 (Macintosh; U; Intel Mac OS X 10_5_3 rv:2.0) Gecko/20220930 Firefox/36.0",#0b1a85
"Raleigh Lakin",446.743.5509,delaney46@gmail.com,"201 Lisa Cliffs Suite 662,Austynshire, IL 53265-7185","Mozilla/5.0 (Windows; U; Windows NT 6.1) AppleWebKit/534.36.2 (KHTML, like Gecko) Version/4.1 Safari/534.36.2",#56c85f
"Gussie Lindgren",+1.907.466.4239,aglae.schuster@hotmail.com,"4342 Jorge Mission,East Eliseoview, OR 89475-2836","Mozilla/5.0 (compatible; MSIE 6.0; Windows NT 5.01; Trident/3.0)",#914b2f
"Clara Steuber Jr.",775.679.2733,lakin.regan@zboncak.com,"903 Walker Garden,Homenickside, MS 49730-5125","Mozilla/5.0 (compatible; MSIE 5.0; Windows 98; Win 9x 4.90; Trident/4.0)",#4581d0
"Sid Dicki",+1-585-253-0488,rosella87@gmail.com,"2933 Ernser Corners Apt. 001,Oberbrunnerfort, NJ 37713-6891","Mozilla/5.0 (Macintosh; U; Intel Mac OS X 10_7_0 rv:4.0) Gecko/20151015 Firefox/36.0",#7cb38e
"Lexus Leannon",1-770-597-2987,eli19@predovic.com,"306 Aubrey Shoals Suite 269,New Breanna, NE 07998","Mozilla/5.0 (X11; Linux x86_64; rv:7.0) Gecko/20120208 Firefox/36.0",#3cc4c5
"Lacy Wunsch",+14464678156,morar.mozelle@hermann.com,"259 Hill Ridge Apt. 948,Lake Darrel, MD 25018","Mozilla/5.0 (compatible; MSIE 11.0; Windows NT 6.1; Trident/4.0)",#17cb26
"Marietta Ward",+1-843-301-6486,baby.stiedemann@hintz.info,"79607 Hagenes Road,South Henryfurt, NC 93880-2358","Mozilla/5.0 (compatible; MSIE 9.0; Windows 95; Trident/4.0)",#2141e6
"Adrien Brown",1-981-661-3262,weber.murray@yahoo.com,"37234 Lawrence Corners,Sammieburgh, DE 73063","Mozilla/5.0 (Macintosh; U; PPC Mac OS X 10_6_1 rv:4.0) Gecko/20180204 Firefox/36.0",#1c57e9
"Dayne Corkery","(992) 991-2037",gladys18@yahoo.com,"649 Adonis Island Suite 755,West Philip, ME 06270","Mozilla/5.0 (compatible; MSIE 10.0; Windows 95; Trident/4.0)",#d243f3
"Aletha O'Hara",+1-863-553-8406,carmelo10@jerde.com,"643 Waters Ridges,Gleasonview, MA 43792","Mozilla/5.0 (X11; Linux x86_64; rv:6.0) Gecko/20100507 Firefox/37.0",#fb19ee
"Olin Metz",524.321.7887,tanya99@conn.net,"701 Mae Course Apt. 202,Karelleview, OH 44114","Mozilla/5.0 (X11; Linux i686; rv:7.0) Gecko/20160622 Firefox/35.0",#d7cc8f
"Asia Kertzmann",+1-428-554-2839,tracy.klein@walsh.com,"73297 Leuschke Shores Suite 892,Goyettemouth, HI 88063-5834","Mozilla/5.0 (compatible; MSIE 9.0; Windows NT 5.2; Trident/4.0)",#bc205d
"Mollie Hoeger","(373) 953-7012",verla60@hotmail.com,"155 Streich Lodge Apt. 417,South Carey, CT 32035-4745","Mozilla/5.0 (iPad; CPU OS 7_2_1 like Mac OS X; en-US) AppleWebKit/534.33.3 (KHTML, like Gecko) Version/3.0.5 Mobile/8B116 Safari/6534.33.3",#f949ac
"Cristopher Hane","+1 (983) 495-0191",estella.kessler@gmail.com,"8616 Kuhic Grove Suite 035,West Albinaside, KS 48480-5101","Mozilla/5.0 (Windows NT 6.0) AppleWebKit/5361 (KHTML, like Gecko) Chrome/37.0.833.0 Mobile Safari/5361",#0d9551
"Mr. Brock Heaney",1-335-384-9789,alysa46@wolf.org,"74949 Oberbrunner Loaf,Port Rheahaven, UT 32012","Mozilla/5.0 (Macintosh; PPC Mac OS X 10_7_3 rv:4.0) Gecko/20140515 Firefox/36.0",#f54841
"Humberto Walker",+1.339.438.6098,brigitte77@gmail.com,"25242 Champlin Track,Lake Murraychester, DE 63866-0544","Mozilla/5.0 (Windows 98; Win 9x 4.90) AppleWebKit/5331 (KHTML, like Gecko) Chrome/40.0.877.0 Mobile Safari/5331",#0793cf
"Viviane Gorczany",+1-806-541-5768,donnelly.karson@yahoo.com,"838 Keely Spurs,Murphyborough, HI 99985","Mozilla/5.0 (Windows 98; en-US; rv:1.9.0.20) Gecko/20150207 Firefox/37.0",#060c71
"Mr. Andrew Schmitt",238.755.5205,holden.borer@ryan.com,"12885 Satterfield Turnpike,Bartellton, AK 95527-0770","Mozilla/5.0 (Macintosh; U; Intel Mac OS X 10_6_4) AppleWebKit/5351 (KHTML, like Gecko) Chrome/39.0.844.0 Mobile Safari/5351",#8b9ab7
"Prof. Pablo Glover",1-532-754-8423,bernier.emie@yahoo.com,"732 Magnus Cove,West Akeem, NV 94206-6527","Mozilla/5.0 (compatible; MSIE 8.0; Windows NT 5.01; Trident/4.0)",#d8eecc
"Jordon Blick",+1-679-540-5262,hkuvalis@greenholt.org,"76574 Maggio Stravenue,Russeltown, OK 23320-0258","Mozilla/5.0 (Macintosh; U; Intel Mac OS X 10_5_8 rv:4.0; en-US) AppleWebKit/535.18.6 (KHTML, like Gecko) Version/5.0 Safari/535.18.6",#706c35
"Christop Konopelski",846.723.0866,sruecker@reynolds.net,"896 Estel Expressway Apt. 587,Caryville, NH 59291-5828","Mozilla/5.0 (Macintosh; U; Intel Mac OS X 10_8_9 rv:2.0; en-US) AppleWebKit/535.3.6 (KHTML, like Gecko) Version/5.0 Safari/535.3.6",#0655ea
"Mr. Frederick Dicki",270-980-5874,kertzmann.madie@upton.com,"88838 Gibson Lock Apt. 785,Blandamouth, WV 86192-7126","Opera/9.42 (X11; Linux i686; en-US) Presto/2.10.327 Version/12.00",#576657
"Wallace Koch",987.438.1146,glennie64@keebler.com,"4196 Sylvan Station,West Eugeniatown, TN 94187-8693","Mozilla/5.0 (X11; Linux i686; rv:5.0) Gecko/20110112 Firefox/35.0",#890af4
"Pasquale Trantow",827-428-7585,tremblay.stephon@hotmail.com,"85672 Gus Row Suite 597,Lake Khalil, WV 00262","Mozilla/5.0 (iPad; CPU OS 8_1_2 like Mac OS X; sl-SI) AppleWebKit/535.44.2 (KHTML, like Gecko) Version/3.0.5 Mobile/8B117 Safari/6535.44.2",#6cfc0b
"Leif Nikolaus MD",+12398105140,crona.elizabeth@yahoo.com,"9867 Declan Cape,West Jaidaland, TX 89769","Mozilla/5.0 (Macintosh; U; PPC Mac OS X 10_7_6 rv:6.0; en-US) AppleWebKit/533.33.1 (KHTML, like Gecko) Version/4.0.4 Safari/533.33.1",#13848d
"Prof. Otto Nienow","(782) 665-0553",angeline63@hotmail.com,"453 Ziemann Falls,Chandlerview, NH 63266","Mozilla/5.0 (X11; Linux i686) AppleWebKit/5360 (KHTML, like Gecko) Chrome/40.0.855.0 Mobile Safari/5360",#c4759e
"Ulices Rippin",+1-630-668-6373,bernier.yesenia@fritsch.com,"73570 Moen Mall,New Kirk, GA 66129-9126","Mozilla/5.0 (Windows NT 6.0) AppleWebKit/5320 (KHTML, like Gecko) Chrome/40.0.841.0 Mobile Safari/5320",#168b9a
"Idell Treutel",1-416-822-0624,kpredovic@ondricka.com,"7371 Hand Green,Weissnatside, MI 65313","Mozilla/5.0 (Macintosh; PPC Mac OS X 10_8_3) AppleWebKit/5352 (KHTML, like Gecko) Chrome/38.0.851.0 Mobile Safari/5352",#bcbe5c
"Hermann Kessler","+1 (975) 812-5909",elton24@schowalter.net,"145 Maurice Wells,Kemmerborough, WI 12558-0462","Mozilla/5.0 (Windows NT 6.2; en-US; rv:1.9.2.20) Gecko/20151010 Firefox/36.0",#6ac832
"Bethany Lind",+1-784-919-1232,alexandra14@hotmail.com,"5757 Lonzo Throughway,Lake Karianne, IN 31470","Opera/8.55 (X11; Linux i686; en-US) Presto/2.10.312 Version/11.00",#112e9b
"Jolie Rippin","+1 (865) 433-8952",jared81@nienow.com,"52009 Eloisa Forks Apt. 488,Joseville, PA 82369","Mozilla/5.0 (Macintosh; PPC Mac OS X 10_7_6 rv:3.0; en-US) AppleWebKit/531.13.4 (KHTML, like Gecko) Version/5.0 Safari/531.13.4",#b0c530
"Milton Pouros",+1-721-719-9148,thickle@gmail.com,"147 Johns Ridge Apt. 743,New Perryhaven, SD 77766","Mozilla/5.0 (Windows NT 5.0) AppleWebKit/5351 (KHTML, like Gecko) Chrome/37.0.874.0 Mobile Safari/5351",#e692af
"Jayde D'Amore",930.531.6974,glover.seth@hotmail.com,"95220 Miller Street,Cobyfurt, KY 36176-8742","Mozilla/5.0 (Windows NT 6.1) AppleWebKit/5331 (KHTML, like Gecko) Chrome/36.0.805.0 Mobile Safari/5331",#330993
"Annamae Buckridge Jr.","(425) 233-2010",destin.rau@skiles.com,"8558 Madyson Via Suite 773,Port Earl, OR 53645","Mozilla/5.0 (X11; Linux x86_64; rv:6.0) Gecko/20130426 Firefox/35.0",#e3f205
"Nakia Bernier Sr.","(928) 352-7308",luella.hessel@marquardt.com,"717 Okuneva Cove,Loweview, SD 03471","Mozilla/5.0 (compatible; MSIE 9.0; Windows NT 4.0; Trident/4.1)",#9677ae
"Dr. Dion Rosenbaum",+1-319-290-9828,kdaugherty@feil.com,"571 Nader Alley,Port Ottis, OR 66512-4403","Opera/8.43 (X11; Linux i686; sl-SI) Presto/2.9.259 Version/10.00",#6e4a43
"Christian O'Kon",1-837-308-7372,melvin.rutherford@heaney.com,"72861 Precious Mountains Suite 912,Lexiemouth, MD 43001","Mozilla/5.0 (iPhone; CPU iPhone OS 7_1_1 like Mac OS X; sl-SI) AppleWebKit/533.13.1 (KHTML, like Gecko) Version/4.0.5 Mobile/8B116 Safari/6533.13.1",#225252
"Mr. Deondre Towne",+18623978347,tyra.cormier@johns.info,"1919 Iliana Flats,New Zion, AK 86939","Opera/8.19 (Windows NT 4.0; en-US) Presto/2.11.242 Version/11.00",#da8441
"Mr. Charles Klein",210.793.6324,hjenkins@gmail.com,"99999 David Cove,South Ameliafurt, MS 98325","Mozilla/5.0 (Windows NT 6.2) AppleWebKit/5311 (KHTML, like Gecko) Chrome/38.0.830.0 Mobile Safari/5311",#0b7391
"Noah Kuhlman",220.843.9546,loconnell@ankunding.org,"8615 Casper Grove,Lake Tessie, MS 14830-9010","Mozilla/5.0 (Macintosh; U; Intel Mac OS X 10_7_8) AppleWebKit/5352 (KHTML, like Gecko) Chrome/40.0.853.0 Mobile Safari/5352",#bcb33c
"Hunter Jaskolski",515.496.7897,xprohaska@gmail.com,"247 Keeling Port,East Angelitafurt, MT 39287-6861","Mozilla/5.0 (compatible; MSIE 11.0; Windows NT 5.01; Trident/4.1)",#7ea90f
"Valentina Pfeffer III",349-804-3820,murphy67@trantow.net,"7165 Beer Dale,Welchview, TX 88387-8982","Mozilla/5.0 (X11; Linux x86_64) AppleWebKit/5320 (KHTML, like Gecko) Chrome/39.0.845.0 Mobile Safari/5320",#41abd3
"Makayla Windler",+1-367-838-3838,dakota73@berge.com,"8365 Goldner Ramp Apt. 588,Duanefort, AR 71058-2314","Mozilla/5.0 (X11; Linux i686; rv:7.0) Gecko/20200406 Firefox/36.0",#6b6ac0
"Prof. Daija Weissnat DDS","+1 (418) 228-4926",royce.nicolas@mcclure.com,"207 Hettinger Forest Suite 786,Wymanfort, RI 04280-6910","Mozilla/5.0 (compatible; MSIE 6.0; Windows NT 6.1; Trident/4.0)",#26f4bd
"Dr. Keshaun Bins",1-235-815-0921,ohills@yahoo.com,"35193 Waelchi Common Suite 452,Steubermouth, DC 93067","Mozilla/5.0 (X11; Linux x86_64) AppleWebKit/5321 (KHTML, like Gecko) Chrome/38.0.871.0 Mobile Safari/5321",#32e410
"Prof. Tiffany West II","+1 (340) 684-4108",johnson.maud@gmail.com,"45219 Newton Key,Dominicbury, NC 76459-0596","Mozilla/5.0 (compatible; MSIE 9.0; Windows NT 5.1; Trident/3.1)",#07ca57
"Alfonso Halvorson","(537) 262-8542",barney.graham@yahoo.com,"91310 Korbin Forest,Port Austyn, KS 88751","Opera/8.48 (X11; Linux i686; sl-SI) Presto/2.10.212 Version/12.00",#912759
"Dr. Teresa Kirlin",539-909-5284,viola.mertz@hermiston.info,"29613 Jared Fields Suite 712,Lake Owenshire, FL 18750-4397","Mozilla/5.0 (Windows; U; Windows NT 5.0) AppleWebKit/534.26.2 (KHTML, like Gecko) Version/5.1 Safari/534.26.2",#2d1d5f
"Joel Ruecker III","(259) 271-8607",bernard.champlin@hodkiewicz.com,"10376 Kuvalis Rapids Suite 536,Whitneytown, NC 46783-5706","Mozilla/5.0 (Windows NT 5.2) AppleWebKit/5321 (KHTML, like Gecko) Chrome/39.0.838.0 Mobile Safari/5321",#c92a46
"Bernie Roob",1-323-253-6336,octavia.sipes@harris.com,"13854 Nolan Shoal Apt. 588,McCulloughhaven, VT 62033","Mozilla/5.0 (Windows 98; Win 9x 4.90) AppleWebKit/5361 (KHTML, like Gecko) Chrome/37.0.831.0 Mobile Safari/5361",#993727
"Mr. Albin Labadie IV",654-493-1594,sasha75@bergnaum.com,"895 Martina Drive,Kshlerinstad, NJ 50574-8448","Mozilla/5.0 (compatible; MSIE 11.0; Windows NT 5.2; Trident/3.1)",#a4fc5b
"Weldon Stokes",330.254.9169,samson.rogahn@yahoo.com,"39431 Pattie Pike,Gottliebport, KY 56930-7573","Mozilla/5.0 (X11; Linux x86_64) AppleWebKit/5360 (KHTML, like Gecko) Chrome/38.0.832.0 Mobile Safari/5360",#b5e12e
"Lila O'Hara",+1-636-400-2341,zpfeffer@huel.net,"447 Pietro Fields Suite 245,Kochland, KY 95584-7431","Opera/8.33 (X11; Linux x86_64; en-US) Presto/2.8.179 Version/11.00",#6cebfd
"Hosea Bednar",998.587.0059,rbeier@hotmail.com,"58948 Royce Fall Suite 930,Prosaccomouth, NE 85871-7025","Opera/9.61 (Windows CE; en-US) Presto/2.12.245 Version/10.00",#88ee12
"Jules Koelpin",+1-231-908-8535,freddie.pouros@stiedemann.com,"87998 Parisian Ferry Apt. 377,South Cody, VT 53597-7313","Mozilla/5.0 (X11; Linux x86_64) AppleWebKit/5320 (KHTML, like Gecko) Chrome/40.0.813.0 Mobile Safari/5320",#bf4e1e
"Mr. Carmine Gulgowski",1-517-306-4532,reynolds.juliet@morar.com,"1213 Dasia Key Suite 835,North Hanna, AR 85212","Mozilla/5.0 (compatible; MSIE 9.0; Windows 98; Win 9x 4.90; Trident/5.1)",#8a1c11
"Mr. Scotty Gibson","(732) 205-5376",howell.lawrence@gmail.com,"606 Rosenbaum Cape Suite 265,Nestorside, SC 40100","Mozilla/5.0 (Macintosh; U; PPC Mac OS X 10_6_3 rv:2.0) Gecko/20170304 Firefox/36.0",#bfd3f8
"Ms. Margarete Barton Sr.",495.435.3145,wbogisich@wehner.net,"413 Julian Forest,Corkeryview, NV 39592-5120","Mozilla/5.0 (Windows; U; Windows NT 4.0) AppleWebKit/535.32.2 (KHTML, like Gecko) Version/4.1 Safari/535.32.2",#8053d7
"Mrs. Nettie Bogan IV",+1.615.329.5600,fgreenholt@legros.com,"44997 Runte Circle Suite 195,Lake Dominic, SD 62689-8422","Opera/9.65 (X11; Linux i686; en-US) Presto/2.12.160 Version/11.00",#d3bf0b
"Prof. Oscar Schuster","+1 (519) 583-7146",efadel@conn.net,"69045 Luis Heights Suite 673,Summerside, MI 48330","Mozilla/5.0 (Macintosh; Intel Mac OS X 10_6_6 rv:6.0; sl-SI) AppleWebKit/533.35.6 (KHTML, like Gecko) Version/5.0.3 Safari/533.35.6",#31ab05
"Elinore Koepp",365.504.3970,nsanford@gmail.com,"800 Crona Harbor Apt. 954,Port Melyssaborough, KS 74016","Mozilla/5.0 (Macintosh; U; PPC Mac OS X 10_6_0 rv:3.0) Gecko/20180919 Firefox/35.0",#a5ded9
"Andy Harber","+1 (578) 969-9130",praynor@glover.com,"649 Richie Drive,North Carlosview, MD 18647","Opera/8.67 (Windows NT 6.0; sl-SI) Presto/2.8.176 Version/10.00",#07035a
"Landen McKenzie","+1 (325) 821-2694",gleichner.adele@hotmail.com,"4695 Brendan Ridge Apt. 837,Lake Josianetown, IN 23180","Opera/9.80 (Windows NT 4.0; en-US) Presto/2.9.211 Version/12.00",#701826
"Briana Ziemann",837-414-1161,nat.kulas@monahan.com,"911 Norris Plaza,South Vance, AR 80630","Mozilla/5.0 (Macintosh; PPC Mac OS X 10_5_9 rv:5.0) Gecko/20200421 Firefox/35.0",#ec9601
"Ms. Marlen Gottlieb",+12046082877,gladyce.smitham@runolfsson.com,"622 Emilia Plaza Suite 135,Lake Althea, NM 44668-9383","Mozilla/5.0 (Windows NT 6.0) AppleWebKit/5351 (KHTML, like Gecko) Chrome/40.0.887.0 Mobile Safari/5351",#c6794a
"Adalberto Dach",742.201.1069,farrell.otis@lang.info,"59449 Bartell Radial,Alexannefort, OK 11768","Mozilla/5.0 (iPhone; CPU iPhone OS 7_1_2 like Mac OS X; sl-SI) AppleWebKit/531.44.2 (KHTML, like Gecko) Version/3.0.5 Mobile/8B111 Safari/6531.44.2",#15a7ed
"Ms. Flavie Kunde",+1.201.465.6905,vernie.koss@hotmail.com,"42415 Laury River Suite 695,West Jalen, MI 17876","Mozilla/5.0 (X11; Linux x86_64) AppleWebKit/5350 (KHTML, like Gecko) Chrome/36.0.867.0 Mobile Safari/5350",#40fbb0
"Deon Daugherty",1-663-984-9265,medhurst.monserrate@emard.com,"5509 Leda Mountains Apt. 592,Lehnerhaven, TN 48603-3099","Mozilla/5.0 (Macintosh; Intel Mac OS X 10_6_3 rv:3.0; sl-SI) AppleWebKit/531.30.4 (KHTML, like Gecko) Version/5.0.4 Safari/531.30.4",#2b0898
"Miss Nona Haag I",+1-465-749-4903,collins.hillary@hotmail.com,"1962 Rubye Terrace Apt. 169,Willmsside, CO 16195","Opera/9.91 (Windows NT 5.2; en-US) Presto/2.9.348 Version/11.00",#b20119
"Jeanne Carter","+1 (939) 984-8608",igreenholt@wisoky.biz,"6258 Sterling Crossroad Suite 549,Duanefort, CT 88205-0038","Mozilla/5.0 (Macintosh; Intel Mac OS X 10_5_7 rv:3.0; en-US) AppleWebKit/531.43.6 (KHTML, like Gecko) Version/4.0.4 Safari/531.43.6",#ddc6f7
"Cleta Mosciski","+1 (964) 707-5632",kutch.herminia@gmail.com,"7635 Maximillian Islands Apt. 434,Port Esmeralda, NJ 07670-6727","Mozilla/5.0 (compatible; MSIE 7.0; Windows 95; Trident/3.1)",#3b7766
"Ellsworth Morar DDS",417-677-1085,jon.thiel@bauch.com,"84802 Isaiah Plains,Breanneport, KS 86272","Mozilla/5.0 (compatible; MSIE 11.0; Windows NT 6.0; Trident/4.1)",#453829
"Miss Neva Ernser V",+1-930-543-6981,qryan@hill.net,"830 Runolfsson Turnpike Suite 855,Ignatiusberg, LA 96426","Mozilla/5.0 (compatible; MSIE 7.0; Windows NT 5.0; Trident/3.0)",#09a7d8
"Carmel Mayert","(687) 244-3803",rollin.hauck@brekke.org,"572 Harris Ramp,West Hunter, NV 71126","Mozilla/5.0 (compatible; MSIE 6.0; Windows CE; Trident/3.1)",#929666
"Karlee Effertz",334-293-3660,yfadel@gmail.com,"36124 Runolfsdottir Circle,North Christineport, IN 92277-8525","Mozilla/5.0 (iPad; CPU OS 8_2_2 like Mac OS X; en-US) AppleWebKit/535.4.6 (KHTML, like Gecko) Version/4.0.5 Mobile/8B113 Safari/6535.4.6",#34be63
"Marquise Mohr",305-259-6975,mohr.selmer@gmail.com,"9552 Goyette Squares Suite 744,Gleichnerberg, MA 62062-2903","Mozilla/5.0 (iPad; CPU OS 8_0_1 like Mac OS X; en-US) AppleWebKit/532.27.2 (KHTML, like Gecko) Version/4.0.5 Mobile/8B119 Safari/6532.27.2",#5b984f
"Eli Monahan",+1-242-204-1917,rosendo08@yahoo.com,"862 Wiegand Well,Domingomouth, WA 81350-1010","Mozilla/5.0 (compatible; MSIE 9.0; Windows 98; Win 9x 4.90; Trident/5.1)",#317d29
"Chauncey Conn",+1-832-512-7370,nwalsh@sawayn.com,"7772 Lester Trail,Hartmannchester, KS 00628-6451","Mozilla/5.0 (Windows NT 5.0; en-US; rv:1.9.0.20) Gecko/20230624 Firefox/37.0",#4944ee
"Mrs. Daphne Parker","(473) 296-8184",wschaefer@yahoo.com,"597 Holden Villages,East Murielhaven, MN 60380-3243","Mozilla/5.0 (Windows NT 5.2) AppleWebKit/5361 (KHTML, like Gecko) Chrome/36.0.850.0 Mobile Safari/5361",#bcba03
"Elva Goldner",+1-226-637-0077,sylvester.langworth@runolfsson.com,"2213 Darrel Harbor Apt. 830,Zboncakton, MS 08425","Mozilla/5.0 (X11; Linux x86_64) AppleWebKit/5321 (KHTML, like Gecko) Chrome/40.0.805.0 Mobile Safari/5321",#74c7d5
"Wendy Beatty",881-513-2425,bridgette28@white.info,"2638 Krystal Ville,New Amelyburgh, VT 33028-2080","Mozilla/5.0 (compatible; MSIE 11.0; Windows NT 4.0; Trident/4.0)",#3e9903
"Lamar Moore",1-784-575-8982,torp.shaina@hotmail.com,"23525 Hulda Place Apt. 825,West Alayna, MA 54465","Mozilla/5.0 (Windows NT 4.0) AppleWebKit/5360 (KHTML, like Gecko) Chrome/36.0.845.0 Mobile Safari/5360",#3894aa
"Brando Deckow",675-603-5253,nova97@gmail.com,"9460 Keebler Mills,Heavenview, ID 00339-9047","Mozilla/5.0 (compatible; MSIE 5.0; Windows NT 5.0; Trident/3.1)",#ae14ed
"Marian Mertz",526-932-3033,koch.estrella@dare.com,"6715 Larue Island Apt. 177,Greenfeldertown, KY 88762-8691","Mozilla/5.0 (Macintosh; PPC Mac OS X 10_6_6) AppleWebKit/5321 (KHTML, like Gecko) Chrome/39.0.876.0 Mobile Safari/5321",#8b6b38
"Modesta Skiles","+1 (429) 938-3646",wilford.connelly@pagac.com,"6249 Bauch Islands,Parkerberg, MI 43640-8551","Mozilla/5.0 (compatible; MSIE 6.0; Windows CE; Trident/5.1)",#1a175b
"Pauline Murphy",+1.860.867.2273,jarrod.hirthe@hotmail.com,"3600 Bosco Village,Dickensview, MO 46894","Mozilla/5.0 (Macintosh; U; Intel Mac OS X 10_7_8 rv:6.0; sl-SI) AppleWebKit/534.22.2 (KHTML, like Gecko) Version/4.1 Safari/534.22.2",#8dfd90
"Noel Watsica",1-343-463-2343,lloyd.simonis@gmail.com,"978 Tromp Pass,Murphychester, OR 12904-3434","Opera/9.60 (Windows NT 6.0; en-US) Presto/2.12.287 Version/11.00",#51f59b
"Samir Pagac",+1-231-872-5882,thalia.gleason@hotmail.com,"682 Funk Summit,Yundtville, GA 06732","Opera/8.26 (X11; Linux i686; sl-SI) Presto/2.9.227 Version/11.00",#06a32c
"Prof. Jeffery Oberbrunner Sr.",1-972-681-7165,ahaley@fahey.com,"430 Providenci Pass Apt. 301,Gutmannside, MN 68602","Mozilla/5.0 (X11; Linux x86_64; rv:7.0) Gecko/20200805 Firefox/37.0",#78cce9
"Mandy Nikolaus V",1-650-412-9277,rhea.schuster@hotmail.com,"9803 Spencer Extensions Suite 487,Alekfort, HI 60376","Mozilla/5.0 (Windows; U; Windows CE) AppleWebKit/534.28.4 (KHTML, like Gecko) Version/4.0.5 Safari/534.28.4",#5d2731
"Mr. Rodger Davis IV",+19894762296,vgutmann@gmail.com,"4089 Jaskolski Shoals,Weimannland, MT 21187","Opera/9.46 (Windows NT 5.1; sl-SI) Presto/2.12.285 Version/12.00",#647448
"Miss Karen O'Hara V",550.575.5359,cmante@heller.com,"1406 Daugherty Village Apt. 295,Rashawnton, NE 02790-9127","Mozilla/5.0 (Macintosh; Intel Mac OS X 10_5_1 rv:6.0) Gecko/20101209 Firefox/36.0",#fa6194
"Gwen O'Keefe",1-428-751-7888,considine.nils@homenick.com,"37826 Witting Wells,Raquelmouth, UT 84927-4012","Mozilla/5.0 (Macintosh; U; Intel Mac OS X 10_6_0) AppleWebKit/5322 (KHTML, like Gecko) Chrome/39.0.870.0 Mobile Safari/5322",#bd820f
"Ms. Anabelle McClure II",1-386-561-6770,green.napoleon@hayes.com,"13248 Collins Terrace Apt. 071,Lake Taryn, CT 66706-4179","Mozilla/5.0 (Macintosh; U; PPC Mac OS X 10_8_7) AppleWebKit/5342 (KHTML, like Gecko) Chrome/40.0.838.0 Mobile Safari/5342",#d6dc2c
"Kyra Hudson",+1.434.686.5715,vicenta.koepp@gmail.com,"6663 Brown Cliffs,North Maddison, TN 99572-5528","Opera/9.65 (X11; Linux i686; sl-SI) Presto/2.8.193 Version/11.00",#36a8bd
"Crystel Hills",854.973.4938,wiegand.rocky@yahoo.com,"58836 Kaley Locks Suite 170,Lake Gaylordmouth, ND 69630","Opera/9.86 (Windows CE; sl-SI) Presto/2.9.297 Version/12.00",#13a0c4
"Walter Murazik","(235) 268-3516",antonia10@walker.com,"71849 Brody Center Suite 457,Guiseppechester, ME 75364","Mozilla/5.0 (Windows NT 4.0; en-US; rv:1.9.0.20) Gecko/20100329 Firefox/35.0",#03e302
"Kiera Parisian",+1.904.383.7431,hglover@pollich.net,"20011 Herta Trace Apt. 965,East Jackeline, TN 23023","Mozilla/5.0 (Macintosh; Intel Mac OS X 10_7_5 rv:6.0; en-US) AppleWebKit/532.32.6 (KHTML, like Gecko) Version/4.0 Safari/532.32.6",#62ac05
"Blaise Spinka",964.546.7814,bayer.esther@marvin.net,"134 West Falls Suite 953,Kadenchester, OK 33306","Mozilla/5.0 (compatible; MSIE 9.0; Windows NT 6.1; Trident/5.0)",#31ec7f
"Nico Braun",+1-752-685-7991,prince42@hotmail.com,"3910 Zane Unions,Lake Valentine, NM 63991","Mozilla/5.0 (compatible; MSIE 7.0; Windows CE; Trident/3.0)",#7cd9cd
"Abigail Bernhard Jr.","+1 (870) 754-9100",tressa.hackett@rowe.org,"132 Kirlin Freeway,Isabelleview, NV 97246-1066","Opera/8.12 (X11; Linux x86_64; sl-SI) Presto/2.11.284 Version/12.00",#5884ce
"Graciela Hirthe",815.390.7099,nyasia.bartell@yahoo.com,"685 VonRueden Bridge,Nolanmouth, OR 14958-5724","Mozilla/5.0 (Windows; U; Windows NT 4.0) AppleWebKit/532.3.3 (KHTML, like Gecko) Version/5.0.4 Safari/532.3.3",#933737
"Cyril Upton",+1-510-319-8804,bernhard.schmidt@pfeffer.biz,"144 Catalina Courts,Port Vernieborough, MI 85292","Mozilla/5.0 (Macintosh; U; PPC Mac OS X 10_7_0 rv:6.0; en-US) AppleWebKit/534.31.2 (KHTML, like Gecko) Version/4.1 Safari/534.31.2",#130afe
"Kim Dare",981.789.8318,zane47@leuschke.org,"675 Elenor Wells,New Palma, AR 54740-8080","Mozilla/5.0 (Macintosh; U; PPC Mac OS X 10_5_3 rv:6.0) Gecko/20160421 Firefox/36.0",#f74efd
"Dr. Samanta Bergstrom",1-375-859-4493,alfonso.gutkowski@steuber.com,"74837 Rey Viaduct,Port Rebekahmouth, TX 26345","Mozilla/5.0 (Windows NT 4.0) AppleWebKit/5352 (KHTML, like Gecko) Chrome/40.0.807.0 Mobile Safari/5352",#eae68c
"Prof. Tianna Carter",820.222.8732,heidenreich.herbert@murray.org,"5109 Rita Road Apt. 902,Lessieborough, MD 69140","Mozilla/5.0 (Macintosh; Intel Mac OS X 10_5_8 rv:6.0; en-US) AppleWebKit/535.40.2 (KHTML, like Gecko) Version/5.0 Safari/535.40.2",#747ea3
"Kasey Wolff",+1-264-274-6964,maltenwerth@mitchell.net,"6057 Electa Point,Lake Mabelport, MT 57366","Mozilla/5.0 (Macintosh; Intel Mac OS X 10_8_8) AppleWebKit/5312 (KHTML, like Gecko) Chrome/39.0.887.0 Mobile Safari/5312",#a9248f
"Zola Goodwin",1-410-870-9949,kcummings@hotmail.com,"662 Davis Road,Theodorahaven, UT 51658-4015","Mozilla/5.0 (compatible; MSIE 11.0; Windows 98; Win 9x 4.90; Trident/3.0)",#3d86cb
